ERROR - 2026-02-04 05:50:59 --> mysqli_sql_exception: Duplicate entry 'C1770184258120' for key 'company_id' in C:\xampp\htdocs\iitm\central\vendor\codeigniter4\framework\system\Database\MySQLi\Connection.php:327
Stack trace:
#0 C:\xampp\htdocs\iitm\central\vendor\codeigniter4\framework\system\Database\MySQLi\Connection.php(327): mysqli->query('INSERT INTO `co...', 0)
#1 C:\xampp\htdocs\iitm\central\vendor\codeigniter4\framework\system\Database\BaseConnection.php(729): CodeIgniter\Database\MySQLi\Connection->execute('INSERT INTO `co...')
#2 C:\xampp\htdocs\iitm\central\vendor\codeigniter4\framework\system\Database\BaseConnection.php(646): CodeIgniter\Database\BaseConnection->simpleQuery('INSERT INTO `co...')
#3 C:\xampp\htdocs\iitm\central\vendor\codeigniter4\framework\system\Database\BaseBuilder.php(2345): CodeIgniter\Database\BaseConnection->query('INSERT INTO `co...', Array, false)
#4 C:\xampp\htdocs\iitm\central\vendor\codeigniter4\framework\system\Model.php(394): CodeIgniter\Database\BaseBuilder->insert()
#5 C:\xampp\htdocs\iitm\central\vendor\codeigniter4\framework\system\BaseModel.php(838): CodeIgniter\Model->doInsert(Array)
#6 C:\xampp\htdocs\iitm\central\vendor\codeigniter4\framework\system\Model.php(797): CodeIgniter\BaseModel->insert(Array, true)
#7 C:\xampp\htdocs\iitm\central\app\Controllers\Company.php(193): CodeIgniter\Model->insert(Array)
#8 C:\xampp\htdocs\iitm\central\vendor\codeigniter4\framework\system\CodeIgniter.php(933): App\Controllers\Company->add_details()
#9 C:\xampp\htdocs\iitm\central\vendor\codeigniter4\framework\system\CodeIgniter.php(507): CodeIgniter\CodeIgniter->runController(Object(App\Controllers\Company))
#10 C:\xampp\htdocs\iitm\central\vendor\codeigniter4\framework\system\CodeIgniter.php(354): CodeIgniter\CodeIgniter->handleRequest(NULL, Object(Config\Cache), false)
#11 C:\xampp\htdocs\iitm\central\vendor\codeigniter4\framework\system\Boot.php(363): CodeIgniter\CodeIgniter->run()
#12 C:\xampp\htdocs\iitm\central\vendor\codeigniter4\framework\system\Boot.php(68): CodeIgniter\Boot::runCodeIgniter(Object(CodeIgniter\CodeIgniter))
#13 C:\xampp\htdocs\iitm\central\index.php(59): CodeIgniter\Boot::bootWeb(Object(Config\Paths))
#14 {main}
ERROR - 2026-02-04 05:50:59 --> Company Briar Tea Bungalows failed: Duplicate entry 'C1770184258120' for key 'company_id'
ERROR - 2026-02-04 05:50:59 --> mysqli_sql_exception: Duplicate entry 'C1770184259912' for key 'company_id' in C:\xampp\htdocs\iitm\central\vendor\codeigniter4\framework\system\Database\MySQLi\Connection.php:327
Stack trace:
#0 C:\xampp\htdocs\iitm\central\vendor\codeigniter4\framework\system\Database\MySQLi\Connection.php(327): mysqli->query('INSERT INTO `co...', 0)
#1 C:\xampp\htdocs\iitm\central\vendor\codeigniter4\framework\system\Database\BaseConnection.php(729): CodeIgniter\Database\MySQLi\Connection->execute('INSERT INTO `co...')
#2 C:\xampp\htdocs\iitm\central\vendor\codeigniter4\framework\system\Database\BaseConnection.php(646): CodeIgniter\Database\BaseConnection->simpleQuery('INSERT INTO `co...')
#3 C:\xampp\htdocs\iitm\central\vendor\codeigniter4\framework\system\Database\BaseBuilder.php(2345): CodeIgniter\Database\BaseConnection->query('INSERT INTO `co...', Array, false)
#4 C:\xampp\htdocs\iitm\central\vendor\codeigniter4\framework\system\Model.php(394): CodeIgniter\Database\BaseBuilder->insert()
#5 C:\xampp\htdocs\iitm\central\vendor\codeigniter4\framework\system\BaseModel.php(838): CodeIgniter\Model->doInsert(Array)
#6 C:\xampp\htdocs\iitm\central\vendor\codeigniter4\framework\system\Model.php(797): CodeIgniter\BaseModel->insert(Array, true)
#7 C:\xampp\htdocs\iitm\central\app\Controllers\Company.php(193): CodeIgniter\Model->insert(Array)
#8 C:\xampp\htdocs\iitm\central\vendor\codeigniter4\framework\system\CodeIgniter.php(933): App\Controllers\Company->add_details()
#9 C:\xampp\htdocs\iitm\central\vendor\codeigniter4\framework\system\CodeIgniter.php(507): CodeIgniter\CodeIgniter->runController(Object(App\Controllers\Company))
#10 C:\xampp\htdocs\iitm\central\vendor\codeigniter4\framework\system\CodeIgniter.php(354): CodeIgniter\CodeIgniter->handleRequest(NULL, Object(Config\Cache), false)
#11 C:\xampp\htdocs\iitm\central\vendor\codeigniter4\framework\system\Boot.php(363): CodeIgniter\CodeIgniter->run()
#12 C:\xampp\htdocs\iitm\central\vendor\codeigniter4\framework\system\Boot.php(68): CodeIgniter\Boot::runCodeIgniter(Object(CodeIgniter\CodeIgniter))
#13 C:\xampp\htdocs\iitm\central\index.php(59): CodeIgniter\Boot::bootWeb(Object(Config\Paths))
#14 {main}
ERROR - 2026-02-04 05:50:59 --> Company Odisha Vacations Services Pvt.Ltd failed: Duplicate entry 'C1770184259912' for key 'company_id'
ERROR - 2026-02-04 05:50:59 --> mysqli_sql_exception: Duplicate entry 'C1770184259477' for key 'company_id' in C:\xampp\htdocs\iitm\central\vendor\codeigniter4\framework\system\Database\MySQLi\Connection.php:327
Stack trace:
#0 C:\xampp\htdocs\iitm\central\vendor\codeigniter4\framework\system\Database\MySQLi\Connection.php(327): mysqli->query('INSERT INTO `co...', 0)
#1 C:\xampp\htdocs\iitm\central\vendor\codeigniter4\framework\system\Database\BaseConnection.php(729): CodeIgniter\Database\MySQLi\Connection->execute('INSERT INTO `co...')
#2 C:\xampp\htdocs\iitm\central\vendor\codeigniter4\framework\system\Database\BaseConnection.php(646): CodeIgniter\Database\BaseConnection->simpleQuery('INSERT INTO `co...')
#3 C:\xampp\htdocs\iitm\central\vendor\codeigniter4\framework\system\Database\BaseBuilder.php(2345): CodeIgniter\Database\BaseConnection->query('INSERT INTO `co...', Array, false)
#4 C:\xampp\htdocs\iitm\central\vendor\codeigniter4\framework\system\Model.php(394): CodeIgniter\Database\BaseBuilder->insert()
#5 C:\xampp\htdocs\iitm\central\vendor\codeigniter4\framework\system\BaseModel.php(838): CodeIgniter\Model->doInsert(Array)
#6 C:\xampp\htdocs\iitm\central\vendor\codeigniter4\framework\system\Model.php(797): CodeIgniter\BaseModel->insert(Array, true)
#7 C:\xampp\htdocs\iitm\central\app\Controllers\Company.php(193): CodeIgniter\Model->insert(Array)
#8 C:\xampp\htdocs\iitm\central\vendor\codeigniter4\framework\system\CodeIgniter.php(933): App\Controllers\Company->add_details()
#9 C:\xampp\htdocs\iitm\central\vendor\codeigniter4\framework\system\CodeIgniter.php(507): CodeIgniter\CodeIgniter->runController(Object(App\Controllers\Company))
#10 C:\xampp\htdocs\iitm\central\vendor\codeigniter4\framework\system\CodeIgniter.php(354): CodeIgniter\CodeIgniter->handleRequest(NULL, Object(Config\Cache), false)
#11 C:\xampp\htdocs\iitm\central\vendor\codeigniter4\framework\system\Boot.php(363): CodeIgniter\CodeIgniter->run()
#12 C:\xampp\htdocs\iitm\central\vendor\codeigniter4\framework\system\Boot.php(68): CodeIgniter\Boot::runCodeIgniter(Object(CodeIgniter\CodeIgniter))
#13 C:\xampp\htdocs\iitm\central\index.php(59): CodeIgniter\Boot::bootWeb(Object(Config\Paths))
#14 {main}
ERROR - 2026-02-04 05:50:59 --> Company Shivjot Resort Karjat failed: Duplicate entry 'C1770184259477' for key 'company_id'
ERROR - 2026-02-04 05:50:59 --> mysqli_sql_exception: Duplicate entry 'C1770184259577' for key 'company_id' in C:\xampp\htdocs\iitm\central\vendor\codeigniter4\framework\system\Database\MySQLi\Connection.php:327
Stack trace:
#0 C:\xampp\htdocs\iitm\central\vendor\codeigniter4\framework\system\Database\MySQLi\Connection.php(327): mysqli->query('INSERT INTO `co...', 0)
#1 C:\xampp\htdocs\iitm\central\vendor\codeigniter4\framework\system\Database\BaseConnection.php(729): CodeIgniter\Database\MySQLi\Connection->execute('INSERT INTO `co...')
#2 C:\xampp\htdocs\iitm\central\vendor\codeigniter4\framework\system\Database\BaseConnection.php(646): CodeIgniter\Database\BaseConnection->simpleQuery('INSERT INTO `co...')
#3 C:\xampp\htdocs\iitm\central\vendor\codeigniter4\framework\system\Database\BaseBuilder.php(2345): CodeIgniter\Database\BaseConnection->query('INSERT INTO `co...', Array, false)
#4 C:\xampp\htdocs\iitm\central\vendor\codeigniter4\framework\system\Model.php(394): CodeIgniter\Database\BaseBuilder->insert()
#5 C:\xampp\htdocs\iitm\central\vendor\codeigniter4\framework\system\BaseModel.php(838): CodeIgniter\Model->doInsert(Array)
#6 C:\xampp\htdocs\iitm\central\vendor\codeigniter4\framework\system\Model.php(797): CodeIgniter\BaseModel->insert(Array, true)
#7 C:\xampp\htdocs\iitm\central\app\Controllers\Company.php(193): CodeIgniter\Model->insert(Array)
#8 C:\xampp\htdocs\iitm\central\vendor\codeigniter4\framework\system\CodeIgniter.php(933): App\Controllers\Company->add_details()
#9 C:\xampp\htdocs\iitm\central\vendor\codeigniter4\framework\system\CodeIgniter.php(507): CodeIgniter\CodeIgniter->runController(Object(App\Controllers\Company))
#10 C:\xampp\htdocs\iitm\central\vendor\codeigniter4\framework\system\CodeIgniter.php(354): CodeIgniter\CodeIgniter->handleRequest(NULL, Object(Config\Cache), false)
#11 C:\xampp\htdocs\iitm\central\vendor\codeigniter4\framework\system\Boot.php(363): CodeIgniter\CodeIgniter->run()
#12 C:\xampp\htdocs\iitm\central\vendor\codeigniter4\framework\system\Boot.php(68): CodeIgniter\Boot::runCodeIgniter(Object(CodeIgniter\CodeIgniter))
#13 C:\xampp\htdocs\iitm\central\index.php(59): CodeIgniter\Boot::bootWeb(Object(Config\Paths))
#14 {main}
ERROR - 2026-02-04 05:50:59 --> Company Take A Trip India failed: Duplicate entry 'C1770184259577' for key 'company_id'
ERROR - 2026-02-04 05:50:59 --> mysqli_sql_exception: Duplicate entry 'C1770184259211' for key 'company_id' in C:\xampp\htdocs\iitm\central\vendor\codeigniter4\framework\system\Database\MySQLi\Connection.php:327
Stack trace:
#0 C:\xampp\htdocs\iitm\central\vendor\codeigniter4\framework\system\Database\MySQLi\Connection.php(327): mysqli->query('INSERT INTO `co...', 0)
#1 C:\xampp\htdocs\iitm\central\vendor\codeigniter4\framework\system\Database\BaseConnection.php(729): CodeIgniter\Database\MySQLi\Connection->execute('INSERT INTO `co...')
#2 C:\xampp\htdocs\iitm\central\vendor\codeigniter4\framework\system\Database\BaseConnection.php(646): CodeIgniter\Database\BaseConnection->simpleQuery('INSERT INTO `co...')
#3 C:\xampp\htdocs\iitm\central\vendor\codeigniter4\framework\system\Database\BaseBuilder.php(2345): CodeIgniter\Database\BaseConnection->query('INSERT INTO `co...', Array, false)
#4 C:\xampp\htdocs\iitm\central\vendor\codeigniter4\framework\system\Model.php(394): CodeIgniter\Database\BaseBuilder->insert()
#5 C:\xampp\htdocs\iitm\central\vendor\codeigniter4\framework\system\BaseModel.php(838): CodeIgniter\Model->doInsert(Array)
#6 C:\xampp\htdocs\iitm\central\vendor\codeigniter4\framework\system\Model.php(797): CodeIgniter\BaseModel->insert(Array, true)
#7 C:\xampp\htdocs\iitm\central\app\Controllers\Company.php(193): CodeIgniter\Model->insert(Array)
#8 C:\xampp\htdocs\iitm\central\vendor\codeigniter4\framework\system\CodeIgniter.php(933): App\Controllers\Company->add_details()
#9 C:\xampp\htdocs\iitm\central\vendor\codeigniter4\framework\system\CodeIgniter.php(507): CodeIgniter\CodeIgniter->runController(Object(App\Controllers\Company))
#10 C:\xampp\htdocs\iitm\central\vendor\codeigniter4\framework\system\CodeIgniter.php(354): CodeIgniter\CodeIgniter->handleRequest(NULL, Object(Config\Cache), false)
#11 C:\xampp\htdocs\iitm\central\vendor\codeigniter4\framework\system\Boot.php(363): CodeIgniter\CodeIgniter->run()
#12 C:\xampp\htdocs\iitm\central\vendor\codeigniter4\framework\system\Boot.php(68): CodeIgniter\Boot::runCodeIgniter(Object(CodeIgniter\CodeIgniter))
#13 C:\xampp\htdocs\iitm\central\index.php(59): CodeIgniter\Boot::bootWeb(Object(Config\Paths))
#14 {main}
ERROR - 2026-02-04 05:50:59 --> Company Tamilnady Wilderness Experiences Corporation failed: Duplicate entry 'C1770184259211' for key 'company_id'
ERROR - 2026-02-04 05:50:59 --> mysqli_sql_exception: Duplicate entry 'C1770184259434' for key 'company_id' in C:\xampp\htdocs\iitm\central\vendor\codeigniter4\framework\system\Database\MySQLi\Connection.php:327
Stack trace:
#0 C:\xampp\htdocs\iitm\central\vendor\codeigniter4\framework\system\Database\MySQLi\Connection.php(327): mysqli->query('INSERT INTO `co...', 0)
#1 C:\xampp\htdocs\iitm\central\vendor\codeigniter4\framework\system\Database\BaseConnection.php(729): CodeIgniter\Database\MySQLi\Connection->execute('INSERT INTO `co...')
#2 C:\xampp\htdocs\iitm\central\vendor\codeigniter4\framework\system\Database\BaseConnection.php(646): CodeIgniter\Database\BaseConnection->simpleQuery('INSERT INTO `co...')
#3 C:\xampp\htdocs\iitm\central\vendor\codeigniter4\framework\system\Database\BaseBuilder.php(2345): CodeIgniter\Database\BaseConnection->query('INSERT INTO `co...', Array, false)
#4 C:\xampp\htdocs\iitm\central\vendor\codeigniter4\framework\system\Model.php(394): CodeIgniter\Database\BaseBuilder->insert()
#5 C:\xampp\htdocs\iitm\central\vendor\codeigniter4\framework\system\BaseModel.php(838): CodeIgniter\Model->doInsert(Array)
#6 C:\xampp\htdocs\iitm\central\vendor\codeigniter4\framework\system\Model.php(797): CodeIgniter\BaseModel->insert(Array, true)
#7 C:\xampp\htdocs\iitm\central\app\Controllers\Company.php(193): CodeIgniter\Model->insert(Array)
#8 C:\xampp\htdocs\iitm\central\vendor\codeigniter4\framework\system\CodeIgniter.php(933): App\Controllers\Company->add_details()
#9 C:\xampp\htdocs\iitm\central\vendor\codeigniter4\framework\system\CodeIgniter.php(507): CodeIgniter\CodeIgniter->runController(Object(App\Controllers\Company))
#10 C:\xampp\htdocs\iitm\central\vendor\codeigniter4\framework\system\CodeIgniter.php(354): CodeIgniter\CodeIgniter->handleRequest(NULL, Object(Config\Cache), false)
#11 C:\xampp\htdocs\iitm\central\vendor\codeigniter4\framework\system\Boot.php(363): CodeIgniter\CodeIgniter->run()
#12 C:\xampp\htdocs\iitm\central\vendor\codeigniter4\framework\system\Boot.php(68): CodeIgniter\Boot::runCodeIgniter(Object(CodeIgniter\CodeIgniter))
#13 C:\xampp\htdocs\iitm\central\index.php(59): CodeIgniter\Boot::bootWeb(Object(Config\Paths))
#14 {main}
ERROR - 2026-02-04 05:50:59 --> Company Tours Malaysia failed: Duplicate entry 'C1770184259434' for key 'company_id'
ERROR - 2026-02-04 05:50:59 --> mysqli_sql_exception: Duplicate entry 'C1770184259887' for key 'company_id' in C:\xampp\htdocs\iitm\central\vendor\codeigniter4\framework\system\Database\MySQLi\Connection.php:327
Stack trace:
#0 C:\xampp\htdocs\iitm\central\vendor\codeigniter4\framework\system\Database\MySQLi\Connection.php(327): mysqli->query('INSERT INTO `co...', 0)
#1 C:\xampp\htdocs\iitm\central\vendor\codeigniter4\framework\system\Database\BaseConnection.php(729): CodeIgniter\Database\MySQLi\Connection->execute('INSERT INTO `co...')
#2 C:\xampp\htdocs\iitm\central\vendor\codeigniter4\framework\system\Database\BaseConnection.php(646): CodeIgniter\Database\BaseConnection->simpleQuery('INSERT INTO `co...')
#3 C:\xampp\htdocs\iitm\central\vendor\codeigniter4\framework\system\Database\BaseBuilder.php(2345): CodeIgniter\Database\BaseConnection->query('INSERT INTO `co...', Array, false)
#4 C:\xampp\htdocs\iitm\central\vendor\codeigniter4\framework\system\Model.php(394): CodeIgniter\Database\BaseBuilder->insert()
#5 C:\xampp\htdocs\iitm\central\vendor\codeigniter4\framework\system\BaseModel.php(838): CodeIgniter\Model->doInsert(Array)
#6 C:\xampp\htdocs\iitm\central\vendor\codeigniter4\framework\system\Model.php(797): CodeIgniter\BaseModel->insert(Array, true)
#7 C:\xampp\htdocs\iitm\central\app\Controllers\Company.php(193): CodeIgniter\Model->insert(Array)
#8 C:\xampp\htdocs\iitm\central\vendor\codeigniter4\framework\system\CodeIgniter.php(933): App\Controllers\Company->add_details()
#9 C:\xampp\htdocs\iitm\central\vendor\codeigniter4\framework\system\CodeIgniter.php(507): CodeIgniter\CodeIgniter->runController(Object(App\Controllers\Company))
#10 C:\xampp\htdocs\iitm\central\vendor\codeigniter4\framework\system\CodeIgniter.php(354): CodeIgniter\CodeIgniter->handleRequest(NULL, Object(Config\Cache), false)
#11 C:\xampp\htdocs\iitm\central\vendor\codeigniter4\framework\system\Boot.php(363): CodeIgniter\CodeIgniter->run()
#12 C:\xampp\htdocs\iitm\central\vendor\codeigniter4\framework\system\Boot.php(68): CodeIgniter\Boot::runCodeIgniter(Object(CodeIgniter\CodeIgniter))
#13 C:\xampp\htdocs\iitm\central\index.php(59): CodeIgniter\Boot::bootWeb(Object(Config\Paths))
#14 {main}
ERROR - 2026-02-04 05:51:00 --> Company Travel Arc failed: Duplicate entry 'C1770184259887' for key 'company_id'
ERROR - 2026-02-04 05:53:51 --> mysqli_sql_exception: Cannot truncate a table referenced in a foreign key constraint (`central`.`contact_email`, CONSTRAINT `fk_contact_email` FOREIGN KEY (`contact_id`) REFERENCES `central`.`contact` (`contact_id`)) in C:\xampp\htdocs\iitm\central\vendor\codeigniter4\framework\system\Database\MySQLi\Connection.php:327
Stack trace:
#0 C:\xampp\htdocs\iitm\central\vendor\codeigniter4\framework\system\Database\MySQLi\Connection.php(327): mysqli->query('TRUNCATE `conta...', 0)
#1 C:\xampp\htdocs\iitm\central\vendor\codeigniter4\framework\system\Database\BaseConnection.php(729): CodeIgniter\Database\MySQLi\Connection->execute('TRUNCATE `conta...')
#2 C:\xampp\htdocs\iitm\central\vendor\codeigniter4\framework\system\Database\BaseConnection.php(646): CodeIgniter\Database\BaseConnection->simpleQuery('TRUNCATE `conta...')
#3 C:\xampp\htdocs\iitm\central\vendor\codeigniter4\framework\system\Database\BaseBuilder.php(2773): CodeIgniter\Database\BaseConnection->query('TRUNCATE `conta...', NULL, false)
#4 C:\xampp\htdocs\iitm\central\app\Controllers\DatabaseOperation.php(108): CodeIgniter\Database\BaseBuilder->truncate()
#5 C:\xampp\htdocs\iitm\central\vendor\codeigniter4\framework\system\CodeIgniter.php(933): App\Controllers\DatabaseOperation->clearAllNonFinancial()
#6 C:\xampp\htdocs\iitm\central\vendor\codeigniter4\framework\system\CodeIgniter.php(507): CodeIgniter\CodeIgniter->runController(Object(App\Controllers\DatabaseOperation))
#7 C:\xampp\htdocs\iitm\central\vendor\codeigniter4\framework\system\CodeIgniter.php(354): CodeIgniter\CodeIgniter->handleRequest(NULL, Object(Config\Cache), false)
#8 C:\xampp\htdocs\iitm\central\vendor\codeigniter4\framework\system\Boot.php(363): CodeIgniter\CodeIgniter->run()
#9 C:\xampp\htdocs\iitm\central\vendor\codeigniter4\framework\system\Boot.php(68): CodeIgniter\Boot::runCodeIgniter(Object(CodeIgniter\CodeIgniter))
#10 C:\xampp\htdocs\iitm\central\index.php(59): CodeIgniter\Boot::bootWeb(Object(Config\Paths))
#11 {main}
CRITICAL - 2026-02-04 05:53:51 --> CodeIgniter\Database\Exceptions\DatabaseException: Cannot truncate a table referenced in a foreign key constraint (`central`.`contact_email`, CONSTRAINT `fk_contact_email` FOREIGN KEY (`contact_id`) REFERENCES `central`.`contact` (`contact_id`))
[Method: GET, Route: clear-non-financial]
in SYSTEMPATH\Database\BaseConnection.php on line 684.
 1 SYSTEMPATH\Database\BaseBuilder.php(2773): CodeIgniter\Database\BaseConnection->query('TRUNCATE `contact`', null, false)
 2 APPPATH\Controllers\DatabaseOperation.php(108): CodeIgniter\Database\BaseBuilder->truncate()
 3 SYSTEMPATH\CodeIgniter.php(933): App\Controllers\DatabaseOperation->clearAllNonFinancial()
 4 SYSTEMPATH\CodeIgniter.php(507): CodeIgniter\CodeIgniter->runController(Object(App\Controllers\DatabaseOperation))
 5 SYSTEMPATH\CodeIgniter.php(354): CodeIgniter\CodeIgniter->handleRequest(null, Object(Config\Cache), false)
 6 SYSTEMPATH\Boot.php(363): CodeIgniter\CodeIgniter->run()
 7 SYSTEMPATH\Boot.php(68): CodeIgniter\Boot::runCodeIgniter(Object(CodeIgniter\CodeIgniter))
 8 FCPATH\index.php(59): CodeIgniter\Boot::bootWeb(Object(Config\Paths))
CRITICAL - 2026-02-04 05:53:51 --> [Caused by] CodeIgniter\Database\Exceptions\DatabaseException: Cannot truncate a table referenced in a foreign key constraint (`central`.`contact_email`, CONSTRAINT `fk_contact_email` FOREIGN KEY (`contact_id`) REFERENCES `central`.`contact` (`contact_id`))
in SYSTEMPATH\Database\MySQLi\Connection.php on line 332.
 1 SYSTEMPATH\Database\BaseConnection.php(729): CodeIgniter\Database\MySQLi\Connection->execute('TRUNCATE `contact`')
 2 SYSTEMPATH\Database\BaseConnection.php(646): CodeIgniter\Database\BaseConnection->simpleQuery('TRUNCATE `contact`')
 3 SYSTEMPATH\Database\BaseBuilder.php(2773): CodeIgniter\Database\BaseConnection->query('TRUNCATE `contact`', null, false)
 4 APPPATH\Controllers\DatabaseOperation.php(108): CodeIgniter\Database\BaseBuilder->truncate()
 5 SYSTEMPATH\CodeIgniter.php(933): App\Controllers\DatabaseOperation->clearAllNonFinancial()
 6 SYSTEMPATH\CodeIgniter.php(507): CodeIgniter\CodeIgniter->runController(Object(App\Controllers\DatabaseOperation))
 7 SYSTEMPATH\CodeIgniter.php(354): CodeIgniter\CodeIgniter->handleRequest(null, Object(Config\Cache), false)
 8 SYSTEMPATH\Boot.php(363): CodeIgniter\CodeIgniter->run()
 9 SYSTEMPATH\Boot.php(68): CodeIgniter\Boot::runCodeIgniter(Object(CodeIgniter\CodeIgniter))
10 FCPATH\index.php(59): CodeIgniter\Boot::bootWeb(Object(Config\Paths))
CRITICAL - 2026-02-04 05:53:51 --> [Caused by] mysqli_sql_exception: Cannot truncate a table referenced in a foreign key constraint (`central`.`contact_email`, CONSTRAINT `fk_contact_email` FOREIGN KEY (`contact_id`) REFERENCES `central`.`contact` (`contact_id`))
in SYSTEMPATH\Database\MySQLi\Connection.php on line 327.
 1 SYSTEMPATH\Database\MySQLi\Connection.php(327): mysqli->query('TRUNCATE `contact`', 0)
 2 SYSTEMPATH\Database\BaseConnection.php(729): CodeIgniter\Database\MySQLi\Connection->execute('TRUNCATE `contact`')
 3 SYSTEMPATH\Database\BaseConnection.php(646): CodeIgniter\Database\BaseConnection->simpleQuery('TRUNCATE `contact`')
 4 SYSTEMPATH\Database\BaseBuilder.php(2773): CodeIgniter\Database\BaseConnection->query('TRUNCATE `contact`', null, false)
 5 APPPATH\Controllers\DatabaseOperation.php(108): CodeIgniter\Database\BaseBuilder->truncate()
 6 SYSTEMPATH\CodeIgniter.php(933): App\Controllers\DatabaseOperation->clearAllNonFinancial()
 7 SYSTEMPATH\CodeIgniter.php(507): CodeIgniter\CodeIgniter->runController(Object(App\Controllers\DatabaseOperation))
 8 SYSTEMPATH\CodeIgniter.php(354): CodeIgniter\CodeIgniter->handleRequest(null, Object(Config\Cache), false)
 9 SYSTEMPATH\Boot.php(363): CodeIgniter\CodeIgniter->run()
10 SYSTEMPATH\Boot.php(68): CodeIgniter\Boot::runCodeIgniter(Object(CodeIgniter\CodeIgniter))
11 FCPATH\index.php(59): CodeIgniter\Boot::bootWeb(Object(Config\Paths))
ERROR - 2026-02-04 05:54:04 --> mysqli_sql_exception: Duplicate entry 'C1770184444417' for key 'company_id' in C:\xampp\htdocs\iitm\central\vendor\codeigniter4\framework\system\Database\MySQLi\Connection.php:327
Stack trace:
#0 C:\xampp\htdocs\iitm\central\vendor\codeigniter4\framework\system\Database\MySQLi\Connection.php(327): mysqli->query('INSERT INTO `co...', 0)
#1 C:\xampp\htdocs\iitm\central\vendor\codeigniter4\framework\system\Database\BaseConnection.php(729): CodeIgniter\Database\MySQLi\Connection->execute('INSERT INTO `co...')
#2 C:\xampp\htdocs\iitm\central\vendor\codeigniter4\framework\system\Database\BaseConnection.php(646): CodeIgniter\Database\BaseConnection->simpleQuery('INSERT INTO `co...')
#3 C:\xampp\htdocs\iitm\central\vendor\codeigniter4\framework\system\Database\BaseBuilder.php(2345): CodeIgniter\Database\BaseConnection->query('INSERT INTO `co...', Array, false)
#4 C:\xampp\htdocs\iitm\central\vendor\codeigniter4\framework\system\Model.php(394): CodeIgniter\Database\BaseBuilder->insert()
#5 C:\xampp\htdocs\iitm\central\vendor\codeigniter4\framework\system\BaseModel.php(838): CodeIgniter\Model->doInsert(Array)
#6 C:\xampp\htdocs\iitm\central\vendor\codeigniter4\framework\system\Model.php(797): CodeIgniter\BaseModel->insert(Array, true)
#7 C:\xampp\htdocs\iitm\central\app\Controllers\Company.php(193): CodeIgniter\Model->insert(Array)
#8 C:\xampp\htdocs\iitm\central\vendor\codeigniter4\framework\system\CodeIgniter.php(933): App\Controllers\Company->add_details()
#9 C:\xampp\htdocs\iitm\central\vendor\codeigniter4\framework\system\CodeIgniter.php(507): CodeIgniter\CodeIgniter->runController(Object(App\Controllers\Company))
#10 C:\xampp\htdocs\iitm\central\vendor\codeigniter4\framework\system\CodeIgniter.php(354): CodeIgniter\CodeIgniter->handleRequest(NULL, Object(Config\Cache), false)
#11 C:\xampp\htdocs\iitm\central\vendor\codeigniter4\framework\system\Boot.php(363): CodeIgniter\CodeIgniter->run()
#12 C:\xampp\htdocs\iitm\central\vendor\codeigniter4\framework\system\Boot.php(68): CodeIgniter\Boot::runCodeIgniter(Object(CodeIgniter\CodeIgniter))
#13 C:\xampp\htdocs\iitm\central\index.php(59): CodeIgniter\Boot::bootWeb(Object(Config\Paths))
#14 {main}
ERROR - 2026-02-04 05:54:04 --> Company Joy Andaman Travels & Holidays failed: Duplicate entry 'C1770184444417' for key 'company_id'
ERROR - 2026-02-04 05:54:04 --> mysqli_sql_exception: Duplicate entry 'C1770184444593' for key 'company_id' in C:\xampp\htdocs\iitm\central\vendor\codeigniter4\framework\system\Database\MySQLi\Connection.php:327
Stack trace:
#0 C:\xampp\htdocs\iitm\central\vendor\codeigniter4\framework\system\Database\MySQLi\Connection.php(327): mysqli->query('INSERT INTO `co...', 0)
#1 C:\xampp\htdocs\iitm\central\vendor\codeigniter4\framework\system\Database\BaseConnection.php(729): CodeIgniter\Database\MySQLi\Connection->execute('INSERT INTO `co...')
#2 C:\xampp\htdocs\iitm\central\vendor\codeigniter4\framework\system\Database\BaseConnection.php(646): CodeIgniter\Database\BaseConnection->simpleQuery('INSERT INTO `co...')
#3 C:\xampp\htdocs\iitm\central\vendor\codeigniter4\framework\system\Database\BaseBuilder.php(2345): CodeIgniter\Database\BaseConnection->query('INSERT INTO `co...', Array, false)
#4 C:\xampp\htdocs\iitm\central\vendor\codeigniter4\framework\system\Model.php(394): CodeIgniter\Database\BaseBuilder->insert()
#5 C:\xampp\htdocs\iitm\central\vendor\codeigniter4\framework\system\BaseModel.php(838): CodeIgniter\Model->doInsert(Array)
#6 C:\xampp\htdocs\iitm\central\vendor\codeigniter4\framework\system\Model.php(797): CodeIgniter\BaseModel->insert(Array, true)
#7 C:\xampp\htdocs\iitm\central\app\Controllers\Company.php(193): CodeIgniter\Model->insert(Array)
#8 C:\xampp\htdocs\iitm\central\vendor\codeigniter4\framework\system\CodeIgniter.php(933): App\Controllers\Company->add_details()
#9 C:\xampp\htdocs\iitm\central\vendor\codeigniter4\framework\system\CodeIgniter.php(507): CodeIgniter\CodeIgniter->runController(Object(App\Controllers\Company))
#10 C:\xampp\htdocs\iitm\central\vendor\codeigniter4\framework\system\CodeIgniter.php(354): CodeIgniter\CodeIgniter->handleRequest(NULL, Object(Config\Cache), false)
#11 C:\xampp\htdocs\iitm\central\vendor\codeigniter4\framework\system\Boot.php(363): CodeIgniter\CodeIgniter->run()
#12 C:\xampp\htdocs\iitm\central\vendor\codeigniter4\framework\system\Boot.php(68): CodeIgniter\Boot::runCodeIgniter(Object(CodeIgniter\CodeIgniter))
#13 C:\xampp\htdocs\iitm\central\index.php(59): CodeIgniter\Boot::bootWeb(Object(Config\Paths))
#14 {main}
ERROR - 2026-02-04 05:54:04 --> Company Mango Meadows Agriculture Theme Park failed: Duplicate entry 'C1770184444593' for key 'company_id'
ERROR - 2026-02-04 05:54:04 --> mysqli_sql_exception: Duplicate entry 'C1770184444151' for key 'company_id' in C:\xampp\htdocs\iitm\central\vendor\codeigniter4\framework\system\Database\MySQLi\Connection.php:327
Stack trace:
#0 C:\xampp\htdocs\iitm\central\vendor\codeigniter4\framework\system\Database\MySQLi\Connection.php(327): mysqli->query('INSERT INTO `co...', 0)
#1 C:\xampp\htdocs\iitm\central\vendor\codeigniter4\framework\system\Database\BaseConnection.php(729): CodeIgniter\Database\MySQLi\Connection->execute('INSERT INTO `co...')
#2 C:\xampp\htdocs\iitm\central\vendor\codeigniter4\framework\system\Database\BaseConnection.php(646): CodeIgniter\Database\BaseConnection->simpleQuery('INSERT INTO `co...')
#3 C:\xampp\htdocs\iitm\central\vendor\codeigniter4\framework\system\Database\BaseBuilder.php(2345): CodeIgniter\Database\BaseConnection->query('INSERT INTO `co...', Array, false)
#4 C:\xampp\htdocs\iitm\central\vendor\codeigniter4\framework\system\Model.php(394): CodeIgniter\Database\BaseBuilder->insert()
#5 C:\xampp\htdocs\iitm\central\vendor\codeigniter4\framework\system\BaseModel.php(838): CodeIgniter\Model->doInsert(Array)
#6 C:\xampp\htdocs\iitm\central\vendor\codeigniter4\framework\system\Model.php(797): CodeIgniter\BaseModel->insert(Array, true)
#7 C:\xampp\htdocs\iitm\central\app\Controllers\Company.php(193): CodeIgniter\Model->insert(Array)
#8 C:\xampp\htdocs\iitm\central\vendor\codeigniter4\framework\system\CodeIgniter.php(933): App\Controllers\Company->add_details()
#9 C:\xampp\htdocs\iitm\central\vendor\codeigniter4\framework\system\CodeIgniter.php(507): CodeIgniter\CodeIgniter->runController(Object(App\Controllers\Company))
#10 C:\xampp\htdocs\iitm\central\vendor\codeigniter4\framework\system\CodeIgniter.php(354): CodeIgniter\CodeIgniter->handleRequest(NULL, Object(Config\Cache), false)
#11 C:\xampp\htdocs\iitm\central\vendor\codeigniter4\framework\system\Boot.php(363): CodeIgniter\CodeIgniter->run()
#12 C:\xampp\htdocs\iitm\central\vendor\codeigniter4\framework\system\Boot.php(68): CodeIgniter\Boot::runCodeIgniter(Object(CodeIgniter\CodeIgniter))
#13 C:\xampp\htdocs\iitm\central\index.php(59): CodeIgniter\Boot::bootWeb(Object(Config\Paths))
#14 {main}
ERROR - 2026-02-04 05:54:04 --> Company Sab Dekho Kashmir failed: Duplicate entry 'C1770184444151' for key 'company_id'
ERROR - 2026-02-04 05:54:04 --> mysqli_sql_exception: Duplicate entry 'C1770184444417' for key 'company_id' in C:\xampp\htdocs\iitm\central\vendor\codeigniter4\framework\system\Database\MySQLi\Connection.php:327
Stack trace:
#0 C:\xampp\htdocs\iitm\central\vendor\codeigniter4\framework\system\Database\MySQLi\Connection.php(327): mysqli->query('INSERT INTO `co...', 0)
#1 C:\xampp\htdocs\iitm\central\vendor\codeigniter4\framework\system\Database\BaseConnection.php(729): CodeIgniter\Database\MySQLi\Connection->execute('INSERT INTO `co...')
#2 C:\xampp\htdocs\iitm\central\vendor\codeigniter4\framework\system\Database\BaseConnection.php(646): CodeIgniter\Database\BaseConnection->simpleQuery('INSERT INTO `co...')
#3 C:\xampp\htdocs\iitm\central\vendor\codeigniter4\framework\system\Database\BaseBuilder.php(2345): CodeIgniter\Database\BaseConnection->query('INSERT INTO `co...', Array, false)
#4 C:\xampp\htdocs\iitm\central\vendor\codeigniter4\framework\system\Model.php(394): CodeIgniter\Database\BaseBuilder->insert()
#5 C:\xampp\htdocs\iitm\central\vendor\codeigniter4\framework\system\BaseModel.php(838): CodeIgniter\Model->doInsert(Array)
#6 C:\xampp\htdocs\iitm\central\vendor\codeigniter4\framework\system\Model.php(797): CodeIgniter\BaseModel->insert(Array, true)
#7 C:\xampp\htdocs\iitm\central\app\Controllers\Company.php(193): CodeIgniter\Model->insert(Array)
#8 C:\xampp\htdocs\iitm\central\vendor\codeigniter4\framework\system\CodeIgniter.php(933): App\Controllers\Company->add_details()
#9 C:\xampp\htdocs\iitm\central\vendor\codeigniter4\framework\system\CodeIgniter.php(507): CodeIgniter\CodeIgniter->runController(Object(App\Controllers\Company))
#10 C:\xampp\htdocs\iitm\central\vendor\codeigniter4\framework\system\CodeIgniter.php(354): CodeIgniter\CodeIgniter->handleRequest(NULL, Object(Config\Cache), false)
#11 C:\xampp\htdocs\iitm\central\vendor\codeigniter4\framework\system\Boot.php(363): CodeIgniter\CodeIgniter->run()
#12 C:\xampp\htdocs\iitm\central\vendor\codeigniter4\framework\system\Boot.php(68): CodeIgniter\Boot::runCodeIgniter(Object(CodeIgniter\CodeIgniter))
#13 C:\xampp\htdocs\iitm\central\index.php(59): CodeIgniter\Boot::bootWeb(Object(Config\Paths))
#14 {main}
ERROR - 2026-02-04 05:54:04 --> Company Sri Lankan DMC failed: Duplicate entry 'C1770184444417' for key 'company_id'
ERROR - 2026-02-04 05:54:04 --> mysqli_sql_exception: Duplicate entry 'C1770184444691' for key 'company_id' in C:\xampp\htdocs\iitm\central\vendor\codeigniter4\framework\system\Database\MySQLi\Connection.php:327
Stack trace:
#0 C:\xampp\htdocs\iitm\central\vendor\codeigniter4\framework\system\Database\MySQLi\Connection.php(327): mysqli->query('INSERT INTO `co...', 0)
#1 C:\xampp\htdocs\iitm\central\vendor\codeigniter4\framework\system\Database\BaseConnection.php(729): CodeIgniter\Database\MySQLi\Connection->execute('INSERT INTO `co...')
#2 C:\xampp\htdocs\iitm\central\vendor\codeigniter4\framework\system\Database\BaseConnection.php(646): CodeIgniter\Database\BaseConnection->simpleQuery('INSERT INTO `co...')
#3 C:\xampp\htdocs\iitm\central\vendor\codeigniter4\framework\system\Database\BaseBuilder.php(2345): CodeIgniter\Database\BaseConnection->query('INSERT INTO `co...', Array, false)
#4 C:\xampp\htdocs\iitm\central\vendor\codeigniter4\framework\system\Model.php(394): CodeIgniter\Database\BaseBuilder->insert()
#5 C:\xampp\htdocs\iitm\central\vendor\codeigniter4\framework\system\BaseModel.php(838): CodeIgniter\Model->doInsert(Array)
#6 C:\xampp\htdocs\iitm\central\vendor\codeigniter4\framework\system\Model.php(797): CodeIgniter\BaseModel->insert(Array, true)
#7 C:\xampp\htdocs\iitm\central\app\Controllers\Company.php(193): CodeIgniter\Model->insert(Array)
#8 C:\xampp\htdocs\iitm\central\vendor\codeigniter4\framework\system\CodeIgniter.php(933): App\Controllers\Company->add_details()
#9 C:\xampp\htdocs\iitm\central\vendor\codeigniter4\framework\system\CodeIgniter.php(507): CodeIgniter\CodeIgniter->runController(Object(App\Controllers\Company))
#10 C:\xampp\htdocs\iitm\central\vendor\codeigniter4\framework\system\CodeIgniter.php(354): CodeIgniter\CodeIgniter->handleRequest(NULL, Object(Config\Cache), false)
#11 C:\xampp\htdocs\iitm\central\vendor\codeigniter4\framework\system\Boot.php(363): CodeIgniter\CodeIgniter->run()
#12 C:\xampp\htdocs\iitm\central\vendor\codeigniter4\framework\system\Boot.php(68): CodeIgniter\Boot::runCodeIgniter(Object(CodeIgniter\CodeIgniter))
#13 C:\xampp\htdocs\iitm\central\index.php(59): CodeIgniter\Boot::bootWeb(Object(Config\Paths))
#14 {main}
ERROR - 2026-02-04 05:54:04 --> Company The Grand Hotels failed: Duplicate entry 'C1770184444691' for key 'company_id'
ERROR - 2026-02-04 05:54:04 --> mysqli_sql_exception: Duplicate entry 'C1770184444151' for key 'company_id' in C:\xampp\htdocs\iitm\central\vendor\codeigniter4\framework\system\Database\MySQLi\Connection.php:327
Stack trace:
#0 C:\xampp\htdocs\iitm\central\vendor\codeigniter4\framework\system\Database\MySQLi\Connection.php(327): mysqli->query('INSERT INTO `co...', 0)
#1 C:\xampp\htdocs\iitm\central\vendor\codeigniter4\framework\system\Database\BaseConnection.php(729): CodeIgniter\Database\MySQLi\Connection->execute('INSERT INTO `co...')
#2 C:\xampp\htdocs\iitm\central\vendor\codeigniter4\framework\system\Database\BaseConnection.php(646): CodeIgniter\Database\BaseConnection->simpleQuery('INSERT INTO `co...')
#3 C:\xampp\htdocs\iitm\central\vendor\codeigniter4\framework\system\Database\BaseBuilder.php(2345): CodeIgniter\Database\BaseConnection->query('INSERT INTO `co...', Array, false)
#4 C:\xampp\htdocs\iitm\central\vendor\codeigniter4\framework\system\Model.php(394): CodeIgniter\Database\BaseBuilder->insert()
#5 C:\xampp\htdocs\iitm\central\vendor\codeigniter4\framework\system\BaseModel.php(838): CodeIgniter\Model->doInsert(Array)
#6 C:\xampp\htdocs\iitm\central\vendor\codeigniter4\framework\system\Model.php(797): CodeIgniter\BaseModel->insert(Array, true)
#7 C:\xampp\htdocs\iitm\central\app\Controllers\Company.php(193): CodeIgniter\Model->insert(Array)
#8 C:\xampp\htdocs\iitm\central\vendor\codeigniter4\framework\system\CodeIgniter.php(933): App\Controllers\Company->add_details()
#9 C:\xampp\htdocs\iitm\central\vendor\codeigniter4\framework\system\CodeIgniter.php(507): CodeIgniter\CodeIgniter->runController(Object(App\Controllers\Company))
#10 C:\xampp\htdocs\iitm\central\vendor\codeigniter4\framework\system\CodeIgniter.php(354): CodeIgniter\CodeIgniter->handleRequest(NULL, Object(Config\Cache), false)
#11 C:\xampp\htdocs\iitm\central\vendor\codeigniter4\framework\system\Boot.php(363): CodeIgniter\CodeIgniter->run()
#12 C:\xampp\htdocs\iitm\central\vendor\codeigniter4\framework\system\Boot.php(68): CodeIgniter\Boot::runCodeIgniter(Object(CodeIgniter\CodeIgniter))
#13 C:\xampp\htdocs\iitm\central\index.php(59): CodeIgniter\Boot::bootWeb(Object(Config\Paths))
#14 {main}
ERROR - 2026-02-04 05:54:04 --> Company The Holidayz Travel failed: Duplicate entry 'C1770184444151' for key 'company_id'
ERROR - 2026-02-04 05:54:04 --> mysqli_sql_exception: Duplicate entry 'C1770184444798' for key 'company_id' in C:\xampp\htdocs\iitm\central\vendor\codeigniter4\framework\system\Database\MySQLi\Connection.php:327
Stack trace:
#0 C:\xampp\htdocs\iitm\central\vendor\codeigniter4\framework\system\Database\MySQLi\Connection.php(327): mysqli->query('INSERT INTO `co...', 0)
#1 C:\xampp\htdocs\iitm\central\vendor\codeigniter4\framework\system\Database\BaseConnection.php(729): CodeIgniter\Database\MySQLi\Connection->execute('INSERT INTO `co...')
#2 C:\xampp\htdocs\iitm\central\vendor\codeigniter4\framework\system\Database\BaseConnection.php(646): CodeIgniter\Database\BaseConnection->simpleQuery('INSERT INTO `co...')
#3 C:\xampp\htdocs\iitm\central\vendor\codeigniter4\framework\system\Database\BaseBuilder.php(2345): CodeIgniter\Database\BaseConnection->query('INSERT INTO `co...', Array, false)
#4 C:\xampp\htdocs\iitm\central\vendor\codeigniter4\framework\system\Model.php(394): CodeIgniter\Database\BaseBuilder->insert()
#5 C:\xampp\htdocs\iitm\central\vendor\codeigniter4\framework\system\BaseModel.php(838): CodeIgniter\Model->doInsert(Array)
#6 C:\xampp\htdocs\iitm\central\vendor\codeigniter4\framework\system\Model.php(797): CodeIgniter\BaseModel->insert(Array, true)
#7 C:\xampp\htdocs\iitm\central\app\Controllers\Company.php(193): CodeIgniter\Model->insert(Array)
#8 C:\xampp\htdocs\iitm\central\vendor\codeigniter4\framework\system\CodeIgniter.php(933): App\Controllers\Company->add_details()
#9 C:\xampp\htdocs\iitm\central\vendor\codeigniter4\framework\system\CodeIgniter.php(507): CodeIgniter\CodeIgniter->runController(Object(App\Controllers\Company))
#10 C:\xampp\htdocs\iitm\central\vendor\codeigniter4\framework\system\CodeIgniter.php(354): CodeIgniter\CodeIgniter->handleRequest(NULL, Object(Config\Cache), false)
#11 C:\xampp\htdocs\iitm\central\vendor\codeigniter4\framework\system\Boot.php(363): CodeIgniter\CodeIgniter->run()
#12 C:\xampp\htdocs\iitm\central\vendor\codeigniter4\framework\system\Boot.php(68): CodeIgniter\Boot::runCodeIgniter(Object(CodeIgniter\CodeIgniter))
#13 C:\xampp\htdocs\iitm\central\index.php(59): CodeIgniter\Boot::bootWeb(Object(Config\Paths))
#14 {main}
ERROR - 2026-02-04 05:54:04 --> Company The Traveller failed: Duplicate entry 'C1770184444798' for key 'company_id'
ERROR - 2026-02-04 05:54:04 --> mysqli_sql_exception: Duplicate entry 'C1770184444762' for key 'company_id' in C:\xampp\htdocs\iitm\central\vendor\codeigniter4\framework\system\Database\MySQLi\Connection.php:327
Stack trace:
#0 C:\xampp\htdocs\iitm\central\vendor\codeigniter4\framework\system\Database\MySQLi\Connection.php(327): mysqli->query('INSERT INTO `co...', 0)
#1 C:\xampp\htdocs\iitm\central\vendor\codeigniter4\framework\system\Database\BaseConnection.php(729): CodeIgniter\Database\MySQLi\Connection->execute('INSERT INTO `co...')
#2 C:\xampp\htdocs\iitm\central\vendor\codeigniter4\framework\system\Database\BaseConnection.php(646): CodeIgniter\Database\BaseConnection->simpleQuery('INSERT INTO `co...')
#3 C:\xampp\htdocs\iitm\central\vendor\codeigniter4\framework\system\Database\BaseBuilder.php(2345): CodeIgniter\Database\BaseConnection->query('INSERT INTO `co...', Array, false)
#4 C:\xampp\htdocs\iitm\central\vendor\codeigniter4\framework\system\Model.php(394): CodeIgniter\Database\BaseBuilder->insert()
#5 C:\xampp\htdocs\iitm\central\vendor\codeigniter4\framework\system\BaseModel.php(838): CodeIgniter\Model->doInsert(Array)
#6 C:\xampp\htdocs\iitm\central\vendor\codeigniter4\framework\system\Model.php(797): CodeIgniter\BaseModel->insert(Array, true)
#7 C:\xampp\htdocs\iitm\central\app\Controllers\Company.php(193): CodeIgniter\Model->insert(Array)
#8 C:\xampp\htdocs\iitm\central\vendor\codeigniter4\framework\system\CodeIgniter.php(933): App\Controllers\Company->add_details()
#9 C:\xampp\htdocs\iitm\central\vendor\codeigniter4\framework\system\CodeIgniter.php(507): CodeIgniter\CodeIgniter->runController(Object(App\Controllers\Company))
#10 C:\xampp\htdocs\iitm\central\vendor\codeigniter4\framework\system\CodeIgniter.php(354): CodeIgniter\CodeIgniter->handleRequest(NULL, Object(Config\Cache), false)
#11 C:\xampp\htdocs\iitm\central\vendor\codeigniter4\framework\system\Boot.php(363): CodeIgniter\CodeIgniter->run()
#12 C:\xampp\htdocs\iitm\central\vendor\codeigniter4\framework\system\Boot.php(68): CodeIgniter\Boot::runCodeIgniter(Object(CodeIgniter\CodeIgniter))
#13 C:\xampp\htdocs\iitm\central\index.php(59): CodeIgniter\Boot::bootWeb(Object(Config\Paths))
#14 {main}
ERROR - 2026-02-04 05:54:04 --> Company Tiara Mps Pvt Ltd failed: Duplicate entry 'C1770184444762' for key 'company_id'
ERROR - 2026-02-04 05:54:04 --> mysqli_sql_exception: Duplicate entry 'C1770184444133' for key 'company_id' in C:\xampp\htdocs\iitm\central\vendor\codeigniter4\framework\system\Database\MySQLi\Connection.php:327
Stack trace:
#0 C:\xampp\htdocs\iitm\central\vendor\codeigniter4\framework\system\Database\MySQLi\Connection.php(327): mysqli->query('INSERT INTO `co...', 0)
#1 C:\xampp\htdocs\iitm\central\vendor\codeigniter4\framework\system\Database\BaseConnection.php(729): CodeIgniter\Database\MySQLi\Connection->execute('INSERT INTO `co...')
#2 C:\xampp\htdocs\iitm\central\vendor\codeigniter4\framework\system\Database\BaseConnection.php(646): CodeIgniter\Database\BaseConnection->simpleQuery('INSERT INTO `co...')
#3 C:\xampp\htdocs\iitm\central\vendor\codeigniter4\framework\system\Database\BaseBuilder.php(2345): CodeIgniter\Database\BaseConnection->query('INSERT INTO `co...', Array, false)
#4 C:\xampp\htdocs\iitm\central\vendor\codeigniter4\framework\system\Model.php(394): CodeIgniter\Database\BaseBuilder->insert()
#5 C:\xampp\htdocs\iitm\central\vendor\codeigniter4\framework\system\BaseModel.php(838): CodeIgniter\Model->doInsert(Array)
#6 C:\xampp\htdocs\iitm\central\vendor\codeigniter4\framework\system\Model.php(797): CodeIgniter\BaseModel->insert(Array, true)
#7 C:\xampp\htdocs\iitm\central\app\Controllers\Company.php(193): CodeIgniter\Model->insert(Array)
#8 C:\xampp\htdocs\iitm\central\vendor\codeigniter4\framework\system\CodeIgniter.php(933): App\Controllers\Company->add_details()
#9 C:\xampp\htdocs\iitm\central\vendor\codeigniter4\framework\system\CodeIgniter.php(507): CodeIgniter\CodeIgniter->runController(Object(App\Controllers\Company))
#10 C:\xampp\htdocs\iitm\central\vendor\codeigniter4\framework\system\CodeIgniter.php(354): CodeIgniter\CodeIgniter->handleRequest(NULL, Object(Config\Cache), false)
#11 C:\xampp\htdocs\iitm\central\vendor\codeigniter4\framework\system\Boot.php(363): CodeIgniter\CodeIgniter->run()
#12 C:\xampp\htdocs\iitm\central\vendor\codeigniter4\framework\system\Boot.php(68): CodeIgniter\Boot::runCodeIgniter(Object(CodeIgniter\CodeIgniter))
#13 C:\xampp\htdocs\iitm\central\index.php(59): CodeIgniter\Boot::bootWeb(Object(Config\Paths))
#14 {main}
ERROR - 2026-02-04 05:54:04 --> Company Tourland Travel failed: Duplicate entry 'C1770184444133' for key 'company_id'
ERROR - 2026-02-04 05:54:04 --> mysqli_sql_exception: Duplicate entry 'C1770184444529' for key 'company_id' in C:\xampp\htdocs\iitm\central\vendor\codeigniter4\framework\system\Database\MySQLi\Connection.php:327
Stack trace:
#0 C:\xampp\htdocs\iitm\central\vendor\codeigniter4\framework\system\Database\MySQLi\Connection.php(327): mysqli->query('INSERT INTO `co...', 0)
#1 C:\xampp\htdocs\iitm\central\vendor\codeigniter4\framework\system\Database\BaseConnection.php(729): CodeIgniter\Database\MySQLi\Connection->execute('INSERT INTO `co...')
#2 C:\xampp\htdocs\iitm\central\vendor\codeigniter4\framework\system\Database\BaseConnection.php(646): CodeIgniter\Database\BaseConnection->simpleQuery('INSERT INTO `co...')
#3 C:\xampp\htdocs\iitm\central\vendor\codeigniter4\framework\system\Database\BaseBuilder.php(2345): CodeIgniter\Database\BaseConnection->query('INSERT INTO `co...', Array, false)
#4 C:\xampp\htdocs\iitm\central\vendor\codeigniter4\framework\system\Model.php(394): CodeIgniter\Database\BaseBuilder->insert()
#5 C:\xampp\htdocs\iitm\central\vendor\codeigniter4\framework\system\BaseModel.php(838): CodeIgniter\Model->doInsert(Array)
#6 C:\xampp\htdocs\iitm\central\vendor\codeigniter4\framework\system\Model.php(797): CodeIgniter\BaseModel->insert(Array, true)
#7 C:\xampp\htdocs\iitm\central\app\Controllers\Company.php(193): CodeIgniter\Model->insert(Array)
#8 C:\xampp\htdocs\iitm\central\vendor\codeigniter4\framework\system\CodeIgniter.php(933): App\Controllers\Company->add_details()
#9 C:\xampp\htdocs\iitm\central\vendor\codeigniter4\framework\system\CodeIgniter.php(507): CodeIgniter\CodeIgniter->runController(Object(App\Controllers\Company))
#10 C:\xampp\htdocs\iitm\central\vendor\codeigniter4\framework\system\CodeIgniter.php(354): CodeIgniter\CodeIgniter->handleRequest(NULL, Object(Config\Cache), false)
#11 C:\xampp\htdocs\iitm\central\vendor\codeigniter4\framework\system\Boot.php(363): CodeIgniter\CodeIgniter->run()
#12 C:\xampp\htdocs\iitm\central\vendor\codeigniter4\framework\system\Boot.php(68): CodeIgniter\Boot::runCodeIgniter(Object(CodeIgniter\CodeIgniter))
#13 C:\xampp\htdocs\iitm\central\index.php(59): CodeIgniter\Boot::bootWeb(Object(Config\Paths))
#14 {main}
ERROR - 2026-02-04 05:54:04 --> Company Travel Tag Holiday failed: Duplicate entry 'C1770184444529' for key 'company_id'
ERROR - 2026-02-04 05:54:04 --> mysqli_sql_exception: Duplicate entry 'C1770184444990' for key 'company_id' in C:\xampp\htdocs\iitm\central\vendor\codeigniter4\framework\system\Database\MySQLi\Connection.php:327
Stack trace:
#0 C:\xampp\htdocs\iitm\central\vendor\codeigniter4\framework\system\Database\MySQLi\Connection.php(327): mysqli->query('INSERT INTO `co...', 0)
#1 C:\xampp\htdocs\iitm\central\vendor\codeigniter4\framework\system\Database\BaseConnection.php(729): CodeIgniter\Database\MySQLi\Connection->execute('INSERT INTO `co...')
#2 C:\xampp\htdocs\iitm\central\vendor\codeigniter4\framework\system\Database\BaseConnection.php(646): CodeIgniter\Database\BaseConnection->simpleQuery('INSERT INTO `co...')
#3 C:\xampp\htdocs\iitm\central\vendor\codeigniter4\framework\system\Database\BaseBuilder.php(2345): CodeIgniter\Database\BaseConnection->query('INSERT INTO `co...', Array, false)
#4 C:\xampp\htdocs\iitm\central\vendor\codeigniter4\framework\system\Model.php(394): CodeIgniter\Database\BaseBuilder->insert()
#5 C:\xampp\htdocs\iitm\central\vendor\codeigniter4\framework\system\BaseModel.php(838): CodeIgniter\Model->doInsert(Array)
#6 C:\xampp\htdocs\iitm\central\vendor\codeigniter4\framework\system\Model.php(797): CodeIgniter\BaseModel->insert(Array, true)
#7 C:\xampp\htdocs\iitm\central\app\Controllers\Company.php(193): CodeIgniter\Model->insert(Array)
#8 C:\xampp\htdocs\iitm\central\vendor\codeigniter4\framework\system\CodeIgniter.php(933): App\Controllers\Company->add_details()
#9 C:\xampp\htdocs\iitm\central\vendor\codeigniter4\framework\system\CodeIgniter.php(507): CodeIgniter\CodeIgniter->runController(Object(App\Controllers\Company))
#10 C:\xampp\htdocs\iitm\central\vendor\codeigniter4\framework\system\CodeIgniter.php(354): CodeIgniter\CodeIgniter->handleRequest(NULL, Object(Config\Cache), false)
#11 C:\xampp\htdocs\iitm\central\vendor\codeigniter4\framework\system\Boot.php(363): CodeIgniter\CodeIgniter->run()
#12 C:\xampp\htdocs\iitm\central\vendor\codeigniter4\framework\system\Boot.php(68): CodeIgniter\Boot::runCodeIgniter(Object(CodeIgniter\CodeIgniter))
#13 C:\xampp\htdocs\iitm\central\index.php(59): CodeIgniter\Boot::bootWeb(Object(Config\Paths))
#14 {main}
ERROR - 2026-02-04 05:54:04 --> Company Yamato India failed: Duplicate entry 'C1770184444990' for key 'company_id'
CRITICAL - 2026-02-04 06:17:52 --> ParseError: syntax error, unexpected token ":", expecting "," or ";"
[Method: POST, Route: crossvalidation/action]
in APPPATH\Controllers\CrossValidation.php on line 458.
 1 FCPATH\vendor\composer\ClassLoader.php(427): Composer\Autoload\{closure}('C:\\xampp\\htdocs\\iitm\\central\\vendor\\composer/../../app\\Controllers\\CrossValidation.php')
 2 [internal function]: Composer\Autoload\ClassLoader->loadClass('App\\Controllers\\CrossValidation')
 3 SYSTEMPATH\CodeIgniter.php(885): class_exists('\\App\\Controllers\\CrossValidation', true)
 4 SYSTEMPATH\CodeIgniter.php(494): CodeIgniter\CodeIgniter->startController()
 5 SYSTEMPATH\CodeIgniter.php(354): CodeIgniter\CodeIgniter->handleRequest(null, Object(Config\Cache), false)
 6 SYSTEMPATH\Boot.php(363): CodeIgniter\CodeIgniter->run()
 7 SYSTEMPATH\Boot.php(68): CodeIgniter\Boot::runCodeIgniter(Object(CodeIgniter\CodeIgniter))
 8 FCPATH\index.php(59): CodeIgniter\Boot::bootWeb(Object(Config\Paths))
CRITICAL - 2026-02-04 06:17:54 --> ParseError: syntax error, unexpected token ":", expecting "," or ";"
[Method: GET, Route: crossvalidation]
in APPPATH\Controllers\CrossValidation.php on line 458.
 1 FCPATH\vendor\composer\ClassLoader.php(427): Composer\Autoload\{closure}('C:\\xampp\\htdocs\\iitm\\central\\vendor\\composer/../../app\\Controllers\\CrossValidation.php')
 2 [internal function]: Composer\Autoload\ClassLoader->loadClass('App\\Controllers\\CrossValidation')
 3 SYSTEMPATH\CodeIgniter.php(885): class_exists('\\App\\Controllers\\CrossValidation', true)
 4 SYSTEMPATH\CodeIgniter.php(494): CodeIgniter\CodeIgniter->startController()
 5 SYSTEMPATH\CodeIgniter.php(354): CodeIgniter\CodeIgniter->handleRequest(null, Object(Config\Cache), false)
 6 SYSTEMPATH\Boot.php(363): CodeIgniter\CodeIgniter->run()
 7 SYSTEMPATH\Boot.php(68): CodeIgniter\Boot::runCodeIgniter(Object(CodeIgniter\CodeIgniter))
 8 FCPATH\index.php(59): CodeIgniter\Boot::bootWeb(Object(Config\Paths))
CRITICAL - 2026-02-04 06:17:54 --> ParseError: syntax error, unexpected token ":", expecting "," or ";"
[Method: GET, Route: crossvalidation]
in APPPATH\Controllers\CrossValidation.php on line 458.
 1 FCPATH\vendor\composer\ClassLoader.php(427): Composer\Autoload\{closure}('C:\\xampp\\htdocs\\iitm\\central\\vendor\\composer/../../app\\Controllers\\CrossValidation.php')
 2 [internal function]: Composer\Autoload\ClassLoader->loadClass('App\\Controllers\\CrossValidation')
 3 SYSTEMPATH\CodeIgniter.php(885): class_exists('\\App\\Controllers\\CrossValidation', true)
 4 SYSTEMPATH\CodeIgniter.php(494): CodeIgniter\CodeIgniter->startController()
 5 SYSTEMPATH\CodeIgniter.php(354): CodeIgniter\CodeIgniter->handleRequest(null, Object(Config\Cache), false)
 6 SYSTEMPATH\Boot.php(363): CodeIgniter\CodeIgniter->run()
 7 SYSTEMPATH\Boot.php(68): CodeIgniter\Boot::runCodeIgniter(Object(CodeIgniter\CodeIgniter))
 8 FCPATH\index.php(59): CodeIgniter\Boot::bootWeb(Object(Config\Paths))
CRITICAL - 2026-02-04 06:18:03 --> ErrorException: Array to string conversion
[Method: POST, Route: crossvalidation/action]
in APPPATH\Controllers\CrossValidation.php on line 458.
 1 APPPATH\Controllers\CrossValidation.php(458): CodeIgniter\Debug\Exceptions->errorHandler(2, 'Array to string conversion', 'C:\\xampp\\htdocs\\iitm\\central\\app\\Controllers\\CrossValidation.php', 458)
 2 SYSTEMPATH\CodeIgniter.php(933): App\Controllers\CrossValidation->handleAction()
 3 SYSTEMPATH\CodeIgniter.php(507): CodeIgniter\CodeIgniter->runController(Object(App\Controllers\CrossValidation))
 4 SYSTEMPATH\CodeIgniter.php(354): CodeIgniter\CodeIgniter->handleRequest(null, Object(Config\Cache), false)
 5 SYSTEMPATH\Boot.php(363): CodeIgniter\CodeIgniter->run()
 6 SYSTEMPATH\Boot.php(68): CodeIgniter\Boot::runCodeIgniter(Object(CodeIgniter\CodeIgniter))
 7 FCPATH\index.php(59): CodeIgniter\Boot::bootWeb(Object(Config\Paths))
ERROR - 2026-02-04 07:06:23 --> mysqli_sql_exception: Unknown column 'c1.cross_validation' in 'field list' in C:\xampp\htdocs\iitm\central\vendor\codeigniter4\framework\system\Database\MySQLi\Connection.php:327
Stack trace:
#0 C:\xampp\htdocs\iitm\central\vendor\codeigniter4\framework\system\Database\MySQLi\Connection.php(327): mysqli->query('SELECT `ms`.*, ...', 0)
#1 C:\xampp\htdocs\iitm\central\vendor\codeigniter4\framework\system\Database\BaseConnection.php(729): CodeIgniter\Database\MySQLi\Connection->execute('SELECT `ms`.*, ...')
#2 C:\xampp\htdocs\iitm\central\vendor\codeigniter4\framework\system\Database\BaseConnection.php(646): CodeIgniter\Database\BaseConnection->simpleQuery('SELECT `ms`.*, ...')
#3 C:\xampp\htdocs\iitm\central\vendor\codeigniter4\framework\system\Database\BaseBuilder.php(1649): CodeIgniter\Database\BaseConnection->query('SELECT `ms`.*, ...', Array, false)
#4 C:\xampp\htdocs\iitm\central\app\Controllers\CrossValidation.php(80): CodeIgniter\Database\BaseBuilder->get()
#5 C:\xampp\htdocs\iitm\central\vendor\codeigniter4\framework\system\CodeIgniter.php(933): App\Controllers\CrossValidation->index()
#6 C:\xampp\htdocs\iitm\central\vendor\codeigniter4\framework\system\CodeIgniter.php(507): CodeIgniter\CodeIgniter->runController(Object(App\Controllers\CrossValidation))
#7 C:\xampp\htdocs\iitm\central\vendor\codeigniter4\framework\system\CodeIgniter.php(354): CodeIgniter\CodeIgniter->handleRequest(NULL, Object(Config\Cache), false)
#8 C:\xampp\htdocs\iitm\central\vendor\codeigniter4\framework\system\Boot.php(363): CodeIgniter\CodeIgniter->run()
#9 C:\xampp\htdocs\iitm\central\vendor\codeigniter4\framework\system\Boot.php(68): CodeIgniter\Boot::runCodeIgniter(Object(CodeIgniter\CodeIgniter))
#10 C:\xampp\htdocs\iitm\central\index.php(59): CodeIgniter\Boot::bootWeb(Object(Config\Paths))
#11 {main}
CRITICAL - 2026-02-04 07:06:23 --> CodeIgniter\Database\Exceptions\DatabaseException: Unknown column 'c1.cross_validation' in 'field list'
[Method: GET, Route: crossvalidation]
in SYSTEMPATH\Database\BaseConnection.php on line 684.
 1 SYSTEMPATH\Database\BaseBuilder.php(1649): CodeIgniter\Database\BaseConnection->query('SELECT `ms`.*, `c1`.`company_id` as `original_company_id`, `c1`.`database_name` as `original_database_name`, `c1`.`outbound` as `original_outbound`, `c1`.`company_name` as `original_company_name`, `c1`.`category` as `original_category`, `c1`.`address` as `original_address`, `c1`.`city` as `original_city`, `c1`.`pincode` as `original_pincode`, `c1`.`state` as `original_state`, `c1`.`country` as `original_country`, `c1`.`phone` as `original_phone`, `c1`.`gst_number` as `original_gst_number`, `c1`.`sales_person` as `original_sales_person`, `c1`.`active_inactive` as `original_active_inactive`, `c1`.`created_at` as `original_created_at`, `c1`.`updated_at` as `original_updated_at`, `c1`.`last_confirmed_at` as `original_last_confirmed_at`, `c1`.`session` as `original_session`, `c1`.`cross_validation` as `orignal_cross_validation`, `c2`.`company_id` as `matched_company_id`, `c2`.`database_name` as `matched_database_name`, `c2`.`outbound` as `matched_outbound`, `c2`.`company_name` as `matched_company_name`, `c2`.`category` as `matched_category`, `c2`.`address` as `matched_address`, `c2`.`city` as `matched_city`, `c2`.`pincode` as `matched_pincode`, `c2`.`state` as `matched_state`, `c2`.`country` as `matched_country`, `c2`.`phone` as `matched_phone`, `c2`.`gst_number` as `matched_gst_number`, `c2`.`sales_person` as `matched_sales_person`, `c2`.`active_inactive` as `matched_active_inactive`, `c2`.`created_at` as `matched_created_at`, `c2`.`updated_at` as `matched_updated_at`, `c2`.`last_confirmed_at` as `matched_last_confirmed_at`, `c2`.`cross_validation` as `matched_cross_validation`, `c2`.`session` as `matched_session`
FROM `matching_session` as `ms`
JOIN `company_data` `c1` ON `ms`.`company_id` = `c1`.`company_id`
JOIN `company_data` `c2` ON `ms`.`matching_company_id` = `c2`.`company_id`', [], false)
 2 APPPATH\Controllers\CrossValidation.php(80): CodeIgniter\Database\BaseBuilder->get()
 3 SYSTEMPATH\CodeIgniter.php(933): App\Controllers\CrossValidation->index()
 4 SYSTEMPATH\CodeIgniter.php(507): CodeIgniter\CodeIgniter->runController(Object(App\Controllers\CrossValidation))
 5 SYSTEMPATH\CodeIgniter.php(354): CodeIgniter\CodeIgniter->handleRequest(null, Object(Config\Cache), false)
 6 SYSTEMPATH\Boot.php(363): CodeIgniter\CodeIgniter->run()
 7 SYSTEMPATH\Boot.php(68): CodeIgniter\Boot::runCodeIgniter(Object(CodeIgniter\CodeIgniter))
 8 FCPATH\index.php(59): CodeIgniter\Boot::bootWeb(Object(Config\Paths))
CRITICAL - 2026-02-04 07:06:23 --> [Caused by] CodeIgniter\Database\Exceptions\DatabaseException: Unknown column 'c1.cross_validation' in 'field list'
in SYSTEMPATH\Database\MySQLi\Connection.php on line 332.
 1 SYSTEMPATH\Database\BaseConnection.php(729): CodeIgniter\Database\MySQLi\Connection->execute('SELECT `ms`.*, `c1`.`company_id` as `original_company_id`, `c1`.`database_name` as `original_database_name`, `c1`.`outbound` as `original_outbound`, `c1`.`company_name` as `original_company_name`, `c1`.`category` as `original_category`, `c1`.`address` as `original_address`, `c1`.`city` as `original_city`, `c1`.`pincode` as `original_pincode`, `c1`.`state` as `original_state`, `c1`.`country` as `original_country`, `c1`.`phone` as `original_phone`, `c1`.`gst_number` as `original_gst_number`, `c1`.`sales_person` as `original_sales_person`, `c1`.`active_inactive` as `original_active_inactive`, `c1`.`created_at` as `original_created_at`, `c1`.`updated_at` as `original_updated_at`, `c1`.`last_confirmed_at` as `original_last_confirmed_at`, `c1`.`session` as `original_session`, `c1`.`cross_validation` as `orignal_cross_validation`, `c2`.`company_id` as `matched_company_id`, `c2`.`database_name` as `matched_database_name`, `c2`.`outbound` as `matched_outbound`, `c2`.`company_name` as `matched_company_name`, `c2`.`category` as `matched_category`, `c2`.`address` as `matched_address`, `c2`.`city` as `matched_city`, `c2`.`pincode` as `matched_pincode`, `c2`.`state` as `matched_state`, `c2`.`country` as `matched_country`, `c2`.`phone` as `matched_phone`, `c2`.`gst_number` as `matched_gst_number`, `c2`.`sales_person` as `matched_sales_person`, `c2`.`active_inactive` as `matched_active_inactive`, `c2`.`created_at` as `matched_created_at`, `c2`.`updated_at` as `matched_updated_at`, `c2`.`last_confirmed_at` as `matched_last_confirmed_at`, `c2`.`cross_validation` as `matched_cross_validation`, `c2`.`session` as `matched_session`
FROM `matching_session` as `ms`
JOIN `company_data` `c1` ON `ms`.`company_id` = `c1`.`company_id`
JOIN `company_data` `c2` ON `ms`.`matching_company_id` = `c2`.`company_id`')
 2 SYSTEMPATH\Database\BaseConnection.php(646): CodeIgniter\Database\BaseConnection->simpleQuery('SELECT `ms`.*, `c1`.`company_id` as `original_company_id`, `c1`.`database_name` as `original_database_name`, `c1`.`outbound` as `original_outbound`, `c1`.`company_name` as `original_company_name`, `c1`.`category` as `original_category`, `c1`.`address` as `original_address`, `c1`.`city` as `original_city`, `c1`.`pincode` as `original_pincode`, `c1`.`state` as `original_state`, `c1`.`country` as `original_country`, `c1`.`phone` as `original_phone`, `c1`.`gst_number` as `original_gst_number`, `c1`.`sales_person` as `original_sales_person`, `c1`.`active_inactive` as `original_active_inactive`, `c1`.`created_at` as `original_created_at`, `c1`.`updated_at` as `original_updated_at`, `c1`.`last_confirmed_at` as `original_last_confirmed_at`, `c1`.`session` as `original_session`, `c1`.`cross_validation` as `orignal_cross_validation`, `c2`.`company_id` as `matched_company_id`, `c2`.`database_name` as `matched_database_name`, `c2`.`outbound` as `matched_outbound`, `c2`.`company_name` as `matched_company_name`, `c2`.`category` as `matched_category`, `c2`.`address` as `matched_address`, `c2`.`city` as `matched_city`, `c2`.`pincode` as `matched_pincode`, `c2`.`state` as `matched_state`, `c2`.`country` as `matched_country`, `c2`.`phone` as `matched_phone`, `c2`.`gst_number` as `matched_gst_number`, `c2`.`sales_person` as `matched_sales_person`, `c2`.`active_inactive` as `matched_active_inactive`, `c2`.`created_at` as `matched_created_at`, `c2`.`updated_at` as `matched_updated_at`, `c2`.`last_confirmed_at` as `matched_last_confirmed_at`, `c2`.`cross_validation` as `matched_cross_validation`, `c2`.`session` as `matched_session`
FROM `matching_session` as `ms`
JOIN `company_data` `c1` ON `ms`.`company_id` = `c1`.`company_id`
JOIN `company_data` `c2` ON `ms`.`matching_company_id` = `c2`.`company_id`')
 3 SYSTEMPATH\Database\BaseBuilder.php(1649): CodeIgniter\Database\BaseConnection->query('SELECT `ms`.*, `c1`.`company_id` as `original_company_id`, `c1`.`database_name` as `original_database_name`, `c1`.`outbound` as `original_outbound`, `c1`.`company_name` as `original_company_name`, `c1`.`category` as `original_category`, `c1`.`address` as `original_address`, `c1`.`city` as `original_city`, `c1`.`pincode` as `original_pincode`, `c1`.`state` as `original_state`, `c1`.`country` as `original_country`, `c1`.`phone` as `original_phone`, `c1`.`gst_number` as `original_gst_number`, `c1`.`sales_person` as `original_sales_person`, `c1`.`active_inactive` as `original_active_inactive`, `c1`.`created_at` as `original_created_at`, `c1`.`updated_at` as `original_updated_at`, `c1`.`last_confirmed_at` as `original_last_confirmed_at`, `c1`.`session` as `original_session`, `c1`.`cross_validation` as `orignal_cross_validation`, `c2`.`company_id` as `matched_company_id`, `c2`.`database_name` as `matched_database_name`, `c2`.`outbound` as `matched_outbound`, `c2`.`company_name` as `matched_company_name`, `c2`.`category` as `matched_category`, `c2`.`address` as `matched_address`, `c2`.`city` as `matched_city`, `c2`.`pincode` as `matched_pincode`, `c2`.`state` as `matched_state`, `c2`.`country` as `matched_country`, `c2`.`phone` as `matched_phone`, `c2`.`gst_number` as `matched_gst_number`, `c2`.`sales_person` as `matched_sales_person`, `c2`.`active_inactive` as `matched_active_inactive`, `c2`.`created_at` as `matched_created_at`, `c2`.`updated_at` as `matched_updated_at`, `c2`.`last_confirmed_at` as `matched_last_confirmed_at`, `c2`.`cross_validation` as `matched_cross_validation`, `c2`.`session` as `matched_session`
FROM `matching_session` as `ms`
JOIN `company_data` `c1` ON `ms`.`company_id` = `c1`.`company_id`
JOIN `company_data` `c2` ON `ms`.`matching_company_id` = `c2`.`company_id`', [], false)
 4 APPPATH\Controllers\CrossValidation.php(80): CodeIgniter\Database\BaseBuilder->get()
 5 SYSTEMPATH\CodeIgniter.php(933): App\Controllers\CrossValidation->index()
 6 SYSTEMPATH\CodeIgniter.php(507): CodeIgniter\CodeIgniter->runController(Object(App\Controllers\CrossValidation))
 7 SYSTEMPATH\CodeIgniter.php(354): CodeIgniter\CodeIgniter->handleRequest(null, Object(Config\Cache), false)
 8 SYSTEMPATH\Boot.php(363): CodeIgniter\CodeIgniter->run()
 9 SYSTEMPATH\Boot.php(68): CodeIgniter\Boot::runCodeIgniter(Object(CodeIgniter\CodeIgniter))
10 FCPATH\index.php(59): CodeIgniter\Boot::bootWeb(Object(Config\Paths))
CRITICAL - 2026-02-04 07:06:23 --> [Caused by] mysqli_sql_exception: Unknown column 'c1.cross_validation' in 'field list'
in SYSTEMPATH\Database\MySQLi\Connection.php on line 327.
 1 SYSTEMPATH\Database\MySQLi\Connection.php(327): mysqli->query('SELECT `ms`.*, `c1`.`company_id` as `original_company_id`, `c1`.`database_name` as `original_database_name`, `c1`.`outbound` as `original_outbound`, `c1`.`company_name` as `original_company_name`, `c1`.`category` as `original_category`, `c1`.`address` as `original_address`, `c1`.`city` as `original_city`, `c1`.`pincode` as `original_pincode`, `c1`.`state` as `original_state`, `c1`.`country` as `original_country`, `c1`.`phone` as `original_phone`, `c1`.`gst_number` as `original_gst_number`, `c1`.`sales_person` as `original_sales_person`, `c1`.`active_inactive` as `original_active_inactive`, `c1`.`created_at` as `original_created_at`, `c1`.`updated_at` as `original_updated_at`, `c1`.`last_confirmed_at` as `original_last_confirmed_at`, `c1`.`session` as `original_session`, `c1`.`cross_validation` as `orignal_cross_validation`, `c2`.`company_id` as `matched_company_id`, `c2`.`database_name` as `matched_database_name`, `c2`.`outbound` as `matched_outbound`, `c2`.`company_name` as `matched_company_name`, `c2`.`category` as `matched_category`, `c2`.`address` as `matched_address`, `c2`.`city` as `matched_city`, `c2`.`pincode` as `matched_pincode`, `c2`.`state` as `matched_state`, `c2`.`country` as `matched_country`, `c2`.`phone` as `matched_phone`, `c2`.`gst_number` as `matched_gst_number`, `c2`.`sales_person` as `matched_sales_person`, `c2`.`active_inactive` as `matched_active_inactive`, `c2`.`created_at` as `matched_created_at`, `c2`.`updated_at` as `matched_updated_at`, `c2`.`last_confirmed_at` as `matched_last_confirmed_at`, `c2`.`cross_validation` as `matched_cross_validation`, `c2`.`session` as `matched_session`
FROM `matching_session` as `ms`
JOIN `company_data` `c1` ON `ms`.`company_id` = `c1`.`company_id`
JOIN `company_data` `c2` ON `ms`.`matching_company_id` = `c2`.`company_id`', 0)
 2 SYSTEMPATH\Database\BaseConnection.php(729): CodeIgniter\Database\MySQLi\Connection->execute('SELECT `ms`.*, `c1`.`company_id` as `original_company_id`, `c1`.`database_name` as `original_database_name`, `c1`.`outbound` as `original_outbound`, `c1`.`company_name` as `original_company_name`, `c1`.`category` as `original_category`, `c1`.`address` as `original_address`, `c1`.`city` as `original_city`, `c1`.`pincode` as `original_pincode`, `c1`.`state` as `original_state`, `c1`.`country` as `original_country`, `c1`.`phone` as `original_phone`, `c1`.`gst_number` as `original_gst_number`, `c1`.`sales_person` as `original_sales_person`, `c1`.`active_inactive` as `original_active_inactive`, `c1`.`created_at` as `original_created_at`, `c1`.`updated_at` as `original_updated_at`, `c1`.`last_confirmed_at` as `original_last_confirmed_at`, `c1`.`session` as `original_session`, `c1`.`cross_validation` as `orignal_cross_validation`, `c2`.`company_id` as `matched_company_id`, `c2`.`database_name` as `matched_database_name`, `c2`.`outbound` as `matched_outbound`, `c2`.`company_name` as `matched_company_name`, `c2`.`category` as `matched_category`, `c2`.`address` as `matched_address`, `c2`.`city` as `matched_city`, `c2`.`pincode` as `matched_pincode`, `c2`.`state` as `matched_state`, `c2`.`country` as `matched_country`, `c2`.`phone` as `matched_phone`, `c2`.`gst_number` as `matched_gst_number`, `c2`.`sales_person` as `matched_sales_person`, `c2`.`active_inactive` as `matched_active_inactive`, `c2`.`created_at` as `matched_created_at`, `c2`.`updated_at` as `matched_updated_at`, `c2`.`last_confirmed_at` as `matched_last_confirmed_at`, `c2`.`cross_validation` as `matched_cross_validation`, `c2`.`session` as `matched_session`
FROM `matching_session` as `ms`
JOIN `company_data` `c1` ON `ms`.`company_id` = `c1`.`company_id`
JOIN `company_data` `c2` ON `ms`.`matching_company_id` = `c2`.`company_id`')
 3 SYSTEMPATH\Database\BaseConnection.php(646): CodeIgniter\Database\BaseConnection->simpleQuery('SELECT `ms`.*, `c1`.`company_id` as `original_company_id`, `c1`.`database_name` as `original_database_name`, `c1`.`outbound` as `original_outbound`, `c1`.`company_name` as `original_company_name`, `c1`.`category` as `original_category`, `c1`.`address` as `original_address`, `c1`.`city` as `original_city`, `c1`.`pincode` as `original_pincode`, `c1`.`state` as `original_state`, `c1`.`country` as `original_country`, `c1`.`phone` as `original_phone`, `c1`.`gst_number` as `original_gst_number`, `c1`.`sales_person` as `original_sales_person`, `c1`.`active_inactive` as `original_active_inactive`, `c1`.`created_at` as `original_created_at`, `c1`.`updated_at` as `original_updated_at`, `c1`.`last_confirmed_at` as `original_last_confirmed_at`, `c1`.`session` as `original_session`, `c1`.`cross_validation` as `orignal_cross_validation`, `c2`.`company_id` as `matched_company_id`, `c2`.`database_name` as `matched_database_name`, `c2`.`outbound` as `matched_outbound`, `c2`.`company_name` as `matched_company_name`, `c2`.`category` as `matched_category`, `c2`.`address` as `matched_address`, `c2`.`city` as `matched_city`, `c2`.`pincode` as `matched_pincode`, `c2`.`state` as `matched_state`, `c2`.`country` as `matched_country`, `c2`.`phone` as `matched_phone`, `c2`.`gst_number` as `matched_gst_number`, `c2`.`sales_person` as `matched_sales_person`, `c2`.`active_inactive` as `matched_active_inactive`, `c2`.`created_at` as `matched_created_at`, `c2`.`updated_at` as `matched_updated_at`, `c2`.`last_confirmed_at` as `matched_last_confirmed_at`, `c2`.`cross_validation` as `matched_cross_validation`, `c2`.`session` as `matched_session`
FROM `matching_session` as `ms`
JOIN `company_data` `c1` ON `ms`.`company_id` = `c1`.`company_id`
JOIN `company_data` `c2` ON `ms`.`matching_company_id` = `c2`.`company_id`')
 4 SYSTEMPATH\Database\BaseBuilder.php(1649): CodeIgniter\Database\BaseConnection->query('SELECT `ms`.*, `c1`.`company_id` as `original_company_id`, `c1`.`database_name` as `original_database_name`, `c1`.`outbound` as `original_outbound`, `c1`.`company_name` as `original_company_name`, `c1`.`category` as `original_category`, `c1`.`address` as `original_address`, `c1`.`city` as `original_city`, `c1`.`pincode` as `original_pincode`, `c1`.`state` as `original_state`, `c1`.`country` as `original_country`, `c1`.`phone` as `original_phone`, `c1`.`gst_number` as `original_gst_number`, `c1`.`sales_person` as `original_sales_person`, `c1`.`active_inactive` as `original_active_inactive`, `c1`.`created_at` as `original_created_at`, `c1`.`updated_at` as `original_updated_at`, `c1`.`last_confirmed_at` as `original_last_confirmed_at`, `c1`.`session` as `original_session`, `c1`.`cross_validation` as `orignal_cross_validation`, `c2`.`company_id` as `matched_company_id`, `c2`.`database_name` as `matched_database_name`, `c2`.`outbound` as `matched_outbound`, `c2`.`company_name` as `matched_company_name`, `c2`.`category` as `matched_category`, `c2`.`address` as `matched_address`, `c2`.`city` as `matched_city`, `c2`.`pincode` as `matched_pincode`, `c2`.`state` as `matched_state`, `c2`.`country` as `matched_country`, `c2`.`phone` as `matched_phone`, `c2`.`gst_number` as `matched_gst_number`, `c2`.`sales_person` as `matched_sales_person`, `c2`.`active_inactive` as `matched_active_inactive`, `c2`.`created_at` as `matched_created_at`, `c2`.`updated_at` as `matched_updated_at`, `c2`.`last_confirmed_at` as `matched_last_confirmed_at`, `c2`.`cross_validation` as `matched_cross_validation`, `c2`.`session` as `matched_session`
FROM `matching_session` as `ms`
JOIN `company_data` `c1` ON `ms`.`company_id` = `c1`.`company_id`
JOIN `company_data` `c2` ON `ms`.`matching_company_id` = `c2`.`company_id`', [], false)
 5 APPPATH\Controllers\CrossValidation.php(80): CodeIgniter\Database\BaseBuilder->get()
 6 SYSTEMPATH\CodeIgniter.php(933): App\Controllers\CrossValidation->index()
 7 SYSTEMPATH\CodeIgniter.php(507): CodeIgniter\CodeIgniter->runController(Object(App\Controllers\CrossValidation))
 8 SYSTEMPATH\CodeIgniter.php(354): CodeIgniter\CodeIgniter->handleRequest(null, Object(Config\Cache), false)
 9 SYSTEMPATH\Boot.php(363): CodeIgniter\CodeIgniter->run()
10 SYSTEMPATH\Boot.php(68): CodeIgniter\Boot::runCodeIgniter(Object(CodeIgniter\CodeIgniter))
11 FCPATH\index.php(59): CodeIgniter\Boot::bootWeb(Object(Config\Paths))
ERROR - 2026-02-04 07:07:03 --> mysqli_sql_exception: Unknown column 'c1.cross_validation' in 'field list' in C:\xampp\htdocs\iitm\central\vendor\codeigniter4\framework\system\Database\MySQLi\Connection.php:327
Stack trace:
#0 C:\xampp\htdocs\iitm\central\vendor\codeigniter4\framework\system\Database\MySQLi\Connection.php(327): mysqli->query('SELECT `ms`.*, ...', 0)
#1 C:\xampp\htdocs\iitm\central\vendor\codeigniter4\framework\system\Database\BaseConnection.php(729): CodeIgniter\Database\MySQLi\Connection->execute('SELECT `ms`.*, ...')
#2 C:\xampp\htdocs\iitm\central\vendor\codeigniter4\framework\system\Database\BaseConnection.php(646): CodeIgniter\Database\BaseConnection->simpleQuery('SELECT `ms`.*, ...')
#3 C:\xampp\htdocs\iitm\central\vendor\codeigniter4\framework\system\Database\BaseBuilder.php(1649): CodeIgniter\Database\BaseConnection->query('SELECT `ms`.*, ...', Array, false)
#4 C:\xampp\htdocs\iitm\central\app\Controllers\CrossValidation.php(80): CodeIgniter\Database\BaseBuilder->get()
#5 C:\xampp\htdocs\iitm\central\vendor\codeigniter4\framework\system\CodeIgniter.php(933): App\Controllers\CrossValidation->index()
#6 C:\xampp\htdocs\iitm\central\vendor\codeigniter4\framework\system\CodeIgniter.php(507): CodeIgniter\CodeIgniter->runController(Object(App\Controllers\CrossValidation))
#7 C:\xampp\htdocs\iitm\central\vendor\codeigniter4\framework\system\CodeIgniter.php(354): CodeIgniter\CodeIgniter->handleRequest(NULL, Object(Config\Cache), false)
#8 C:\xampp\htdocs\iitm\central\vendor\codeigniter4\framework\system\Boot.php(363): CodeIgniter\CodeIgniter->run()
#9 C:\xampp\htdocs\iitm\central\vendor\codeigniter4\framework\system\Boot.php(68): CodeIgniter\Boot::runCodeIgniter(Object(CodeIgniter\CodeIgniter))
#10 C:\xampp\htdocs\iitm\central\index.php(59): CodeIgniter\Boot::bootWeb(Object(Config\Paths))
#11 {main}
CRITICAL - 2026-02-04 07:07:03 --> CodeIgniter\Database\Exceptions\DatabaseException: Unknown column 'c1.cross_validation' in 'field list'
[Method: GET, Route: crossvalidation]
in SYSTEMPATH\Database\BaseConnection.php on line 684.
 1 SYSTEMPATH\Database\BaseBuilder.php(1649): CodeIgniter\Database\BaseConnection->query('SELECT `ms`.*, `c1`.`company_id` as `original_company_id`, `c1`.`database_name` as `original_database_name`, `c1`.`outbound` as `original_outbound`, `c1`.`company_name` as `original_company_name`, `c1`.`category` as `original_category`, `c1`.`address` as `original_address`, `c1`.`city` as `original_city`, `c1`.`pincode` as `original_pincode`, `c1`.`state` as `original_state`, `c1`.`country` as `original_country`, `c1`.`phone` as `original_phone`, `c1`.`gst_number` as `original_gst_number`, `c1`.`sales_person` as `original_sales_person`, `c1`.`active_inactive` as `original_active_inactive`, `c1`.`created_at` as `original_created_at`, `c1`.`updated_at` as `original_updated_at`, `c1`.`last_confirmed_at` as `original_last_confirmed_at`, `c1`.`session` as `original_session`, `c1`.`cross_validation` as `orignal_cross_validation`, `c2`.`company_id` as `matched_company_id`, `c2`.`database_name` as `matched_database_name`, `c2`.`outbound` as `matched_outbound`, `c2`.`company_name` as `matched_company_name`, `c2`.`category` as `matched_category`, `c2`.`address` as `matched_address`, `c2`.`city` as `matched_city`, `c2`.`pincode` as `matched_pincode`, `c2`.`state` as `matched_state`, `c2`.`country` as `matched_country`, `c2`.`phone` as `matched_phone`, `c2`.`gst_number` as `matched_gst_number`, `c2`.`sales_person` as `matched_sales_person`, `c2`.`active_inactive` as `matched_active_inactive`, `c2`.`created_at` as `matched_created_at`, `c2`.`updated_at` as `matched_updated_at`, `c2`.`last_confirmed_at` as `matched_last_confirmed_at`, `c2`.`cross_validation` as `matched_cross_validation`, `c2`.`session` as `matched_session`
FROM `matching_session` as `ms`
JOIN `company_data` `c1` ON `ms`.`company_id` = `c1`.`company_id`
JOIN `company_data` `c2` ON `ms`.`matching_company_id` = `c2`.`company_id`', [], false)
 2 APPPATH\Controllers\CrossValidation.php(80): CodeIgniter\Database\BaseBuilder->get()
 3 SYSTEMPATH\CodeIgniter.php(933): App\Controllers\CrossValidation->index()
 4 SYSTEMPATH\CodeIgniter.php(507): CodeIgniter\CodeIgniter->runController(Object(App\Controllers\CrossValidation))
 5 SYSTEMPATH\CodeIgniter.php(354): CodeIgniter\CodeIgniter->handleRequest(null, Object(Config\Cache), false)
 6 SYSTEMPATH\Boot.php(363): CodeIgniter\CodeIgniter->run()
 7 SYSTEMPATH\Boot.php(68): CodeIgniter\Boot::runCodeIgniter(Object(CodeIgniter\CodeIgniter))
 8 FCPATH\index.php(59): CodeIgniter\Boot::bootWeb(Object(Config\Paths))
CRITICAL - 2026-02-04 07:07:03 --> [Caused by] CodeIgniter\Database\Exceptions\DatabaseException: Unknown column 'c1.cross_validation' in 'field list'
in SYSTEMPATH\Database\MySQLi\Connection.php on line 332.
 1 SYSTEMPATH\Database\BaseConnection.php(729): CodeIgniter\Database\MySQLi\Connection->execute('SELECT `ms`.*, `c1`.`company_id` as `original_company_id`, `c1`.`database_name` as `original_database_name`, `c1`.`outbound` as `original_outbound`, `c1`.`company_name` as `original_company_name`, `c1`.`category` as `original_category`, `c1`.`address` as `original_address`, `c1`.`city` as `original_city`, `c1`.`pincode` as `original_pincode`, `c1`.`state` as `original_state`, `c1`.`country` as `original_country`, `c1`.`phone` as `original_phone`, `c1`.`gst_number` as `original_gst_number`, `c1`.`sales_person` as `original_sales_person`, `c1`.`active_inactive` as `original_active_inactive`, `c1`.`created_at` as `original_created_at`, `c1`.`updated_at` as `original_updated_at`, `c1`.`last_confirmed_at` as `original_last_confirmed_at`, `c1`.`session` as `original_session`, `c1`.`cross_validation` as `orignal_cross_validation`, `c2`.`company_id` as `matched_company_id`, `c2`.`database_name` as `matched_database_name`, `c2`.`outbound` as `matched_outbound`, `c2`.`company_name` as `matched_company_name`, `c2`.`category` as `matched_category`, `c2`.`address` as `matched_address`, `c2`.`city` as `matched_city`, `c2`.`pincode` as `matched_pincode`, `c2`.`state` as `matched_state`, `c2`.`country` as `matched_country`, `c2`.`phone` as `matched_phone`, `c2`.`gst_number` as `matched_gst_number`, `c2`.`sales_person` as `matched_sales_person`, `c2`.`active_inactive` as `matched_active_inactive`, `c2`.`created_at` as `matched_created_at`, `c2`.`updated_at` as `matched_updated_at`, `c2`.`last_confirmed_at` as `matched_last_confirmed_at`, `c2`.`cross_validation` as `matched_cross_validation`, `c2`.`session` as `matched_session`
FROM `matching_session` as `ms`
JOIN `company_data` `c1` ON `ms`.`company_id` = `c1`.`company_id`
JOIN `company_data` `c2` ON `ms`.`matching_company_id` = `c2`.`company_id`')
 2 SYSTEMPATH\Database\BaseConnection.php(646): CodeIgniter\Database\BaseConnection->simpleQuery('SELECT `ms`.*, `c1`.`company_id` as `original_company_id`, `c1`.`database_name` as `original_database_name`, `c1`.`outbound` as `original_outbound`, `c1`.`company_name` as `original_company_name`, `c1`.`category` as `original_category`, `c1`.`address` as `original_address`, `c1`.`city` as `original_city`, `c1`.`pincode` as `original_pincode`, `c1`.`state` as `original_state`, `c1`.`country` as `original_country`, `c1`.`phone` as `original_phone`, `c1`.`gst_number` as `original_gst_number`, `c1`.`sales_person` as `original_sales_person`, `c1`.`active_inactive` as `original_active_inactive`, `c1`.`created_at` as `original_created_at`, `c1`.`updated_at` as `original_updated_at`, `c1`.`last_confirmed_at` as `original_last_confirmed_at`, `c1`.`session` as `original_session`, `c1`.`cross_validation` as `orignal_cross_validation`, `c2`.`company_id` as `matched_company_id`, `c2`.`database_name` as `matched_database_name`, `c2`.`outbound` as `matched_outbound`, `c2`.`company_name` as `matched_company_name`, `c2`.`category` as `matched_category`, `c2`.`address` as `matched_address`, `c2`.`city` as `matched_city`, `c2`.`pincode` as `matched_pincode`, `c2`.`state` as `matched_state`, `c2`.`country` as `matched_country`, `c2`.`phone` as `matched_phone`, `c2`.`gst_number` as `matched_gst_number`, `c2`.`sales_person` as `matched_sales_person`, `c2`.`active_inactive` as `matched_active_inactive`, `c2`.`created_at` as `matched_created_at`, `c2`.`updated_at` as `matched_updated_at`, `c2`.`last_confirmed_at` as `matched_last_confirmed_at`, `c2`.`cross_validation` as `matched_cross_validation`, `c2`.`session` as `matched_session`
FROM `matching_session` as `ms`
JOIN `company_data` `c1` ON `ms`.`company_id` = `c1`.`company_id`
JOIN `company_data` `c2` ON `ms`.`matching_company_id` = `c2`.`company_id`')
 3 SYSTEMPATH\Database\BaseBuilder.php(1649): CodeIgniter\Database\BaseConnection->query('SELECT `ms`.*, `c1`.`company_id` as `original_company_id`, `c1`.`database_name` as `original_database_name`, `c1`.`outbound` as `original_outbound`, `c1`.`company_name` as `original_company_name`, `c1`.`category` as `original_category`, `c1`.`address` as `original_address`, `c1`.`city` as `original_city`, `c1`.`pincode` as `original_pincode`, `c1`.`state` as `original_state`, `c1`.`country` as `original_country`, `c1`.`phone` as `original_phone`, `c1`.`gst_number` as `original_gst_number`, `c1`.`sales_person` as `original_sales_person`, `c1`.`active_inactive` as `original_active_inactive`, `c1`.`created_at` as `original_created_at`, `c1`.`updated_at` as `original_updated_at`, `c1`.`last_confirmed_at` as `original_last_confirmed_at`, `c1`.`session` as `original_session`, `c1`.`cross_validation` as `orignal_cross_validation`, `c2`.`company_id` as `matched_company_id`, `c2`.`database_name` as `matched_database_name`, `c2`.`outbound` as `matched_outbound`, `c2`.`company_name` as `matched_company_name`, `c2`.`category` as `matched_category`, `c2`.`address` as `matched_address`, `c2`.`city` as `matched_city`, `c2`.`pincode` as `matched_pincode`, `c2`.`state` as `matched_state`, `c2`.`country` as `matched_country`, `c2`.`phone` as `matched_phone`, `c2`.`gst_number` as `matched_gst_number`, `c2`.`sales_person` as `matched_sales_person`, `c2`.`active_inactive` as `matched_active_inactive`, `c2`.`created_at` as `matched_created_at`, `c2`.`updated_at` as `matched_updated_at`, `c2`.`last_confirmed_at` as `matched_last_confirmed_at`, `c2`.`cross_validation` as `matched_cross_validation`, `c2`.`session` as `matched_session`
FROM `matching_session` as `ms`
JOIN `company_data` `c1` ON `ms`.`company_id` = `c1`.`company_id`
JOIN `company_data` `c2` ON `ms`.`matching_company_id` = `c2`.`company_id`', [], false)
 4 APPPATH\Controllers\CrossValidation.php(80): CodeIgniter\Database\BaseBuilder->get()
 5 SYSTEMPATH\CodeIgniter.php(933): App\Controllers\CrossValidation->index()
 6 SYSTEMPATH\CodeIgniter.php(507): CodeIgniter\CodeIgniter->runController(Object(App\Controllers\CrossValidation))
 7 SYSTEMPATH\CodeIgniter.php(354): CodeIgniter\CodeIgniter->handleRequest(null, Object(Config\Cache), false)
 8 SYSTEMPATH\Boot.php(363): CodeIgniter\CodeIgniter->run()
 9 SYSTEMPATH\Boot.php(68): CodeIgniter\Boot::runCodeIgniter(Object(CodeIgniter\CodeIgniter))
10 FCPATH\index.php(59): CodeIgniter\Boot::bootWeb(Object(Config\Paths))
CRITICAL - 2026-02-04 07:07:03 --> [Caused by] mysqli_sql_exception: Unknown column 'c1.cross_validation' in 'field list'
in SYSTEMPATH\Database\MySQLi\Connection.php on line 327.
 1 SYSTEMPATH\Database\MySQLi\Connection.php(327): mysqli->query('SELECT `ms`.*, `c1`.`company_id` as `original_company_id`, `c1`.`database_name` as `original_database_name`, `c1`.`outbound` as `original_outbound`, `c1`.`company_name` as `original_company_name`, `c1`.`category` as `original_category`, `c1`.`address` as `original_address`, `c1`.`city` as `original_city`, `c1`.`pincode` as `original_pincode`, `c1`.`state` as `original_state`, `c1`.`country` as `original_country`, `c1`.`phone` as `original_phone`, `c1`.`gst_number` as `original_gst_number`, `c1`.`sales_person` as `original_sales_person`, `c1`.`active_inactive` as `original_active_inactive`, `c1`.`created_at` as `original_created_at`, `c1`.`updated_at` as `original_updated_at`, `c1`.`last_confirmed_at` as `original_last_confirmed_at`, `c1`.`session` as `original_session`, `c1`.`cross_validation` as `orignal_cross_validation`, `c2`.`company_id` as `matched_company_id`, `c2`.`database_name` as `matched_database_name`, `c2`.`outbound` as `matched_outbound`, `c2`.`company_name` as `matched_company_name`, `c2`.`category` as `matched_category`, `c2`.`address` as `matched_address`, `c2`.`city` as `matched_city`, `c2`.`pincode` as `matched_pincode`, `c2`.`state` as `matched_state`, `c2`.`country` as `matched_country`, `c2`.`phone` as `matched_phone`, `c2`.`gst_number` as `matched_gst_number`, `c2`.`sales_person` as `matched_sales_person`, `c2`.`active_inactive` as `matched_active_inactive`, `c2`.`created_at` as `matched_created_at`, `c2`.`updated_at` as `matched_updated_at`, `c2`.`last_confirmed_at` as `matched_last_confirmed_at`, `c2`.`cross_validation` as `matched_cross_validation`, `c2`.`session` as `matched_session`
FROM `matching_session` as `ms`
JOIN `company_data` `c1` ON `ms`.`company_id` = `c1`.`company_id`
JOIN `company_data` `c2` ON `ms`.`matching_company_id` = `c2`.`company_id`', 0)
 2 SYSTEMPATH\Database\BaseConnection.php(729): CodeIgniter\Database\MySQLi\Connection->execute('SELECT `ms`.*, `c1`.`company_id` as `original_company_id`, `c1`.`database_name` as `original_database_name`, `c1`.`outbound` as `original_outbound`, `c1`.`company_name` as `original_company_name`, `c1`.`category` as `original_category`, `c1`.`address` as `original_address`, `c1`.`city` as `original_city`, `c1`.`pincode` as `original_pincode`, `c1`.`state` as `original_state`, `c1`.`country` as `original_country`, `c1`.`phone` as `original_phone`, `c1`.`gst_number` as `original_gst_number`, `c1`.`sales_person` as `original_sales_person`, `c1`.`active_inactive` as `original_active_inactive`, `c1`.`created_at` as `original_created_at`, `c1`.`updated_at` as `original_updated_at`, `c1`.`last_confirmed_at` as `original_last_confirmed_at`, `c1`.`session` as `original_session`, `c1`.`cross_validation` as `orignal_cross_validation`, `c2`.`company_id` as `matched_company_id`, `c2`.`database_name` as `matched_database_name`, `c2`.`outbound` as `matched_outbound`, `c2`.`company_name` as `matched_company_name`, `c2`.`category` as `matched_category`, `c2`.`address` as `matched_address`, `c2`.`city` as `matched_city`, `c2`.`pincode` as `matched_pincode`, `c2`.`state` as `matched_state`, `c2`.`country` as `matched_country`, `c2`.`phone` as `matched_phone`, `c2`.`gst_number` as `matched_gst_number`, `c2`.`sales_person` as `matched_sales_person`, `c2`.`active_inactive` as `matched_active_inactive`, `c2`.`created_at` as `matched_created_at`, `c2`.`updated_at` as `matched_updated_at`, `c2`.`last_confirmed_at` as `matched_last_confirmed_at`, `c2`.`cross_validation` as `matched_cross_validation`, `c2`.`session` as `matched_session`
FROM `matching_session` as `ms`
JOIN `company_data` `c1` ON `ms`.`company_id` = `c1`.`company_id`
JOIN `company_data` `c2` ON `ms`.`matching_company_id` = `c2`.`company_id`')
 3 SYSTEMPATH\Database\BaseConnection.php(646): CodeIgniter\Database\BaseConnection->simpleQuery('SELECT `ms`.*, `c1`.`company_id` as `original_company_id`, `c1`.`database_name` as `original_database_name`, `c1`.`outbound` as `original_outbound`, `c1`.`company_name` as `original_company_name`, `c1`.`category` as `original_category`, `c1`.`address` as `original_address`, `c1`.`city` as `original_city`, `c1`.`pincode` as `original_pincode`, `c1`.`state` as `original_state`, `c1`.`country` as `original_country`, `c1`.`phone` as `original_phone`, `c1`.`gst_number` as `original_gst_number`, `c1`.`sales_person` as `original_sales_person`, `c1`.`active_inactive` as `original_active_inactive`, `c1`.`created_at` as `original_created_at`, `c1`.`updated_at` as `original_updated_at`, `c1`.`last_confirmed_at` as `original_last_confirmed_at`, `c1`.`session` as `original_session`, `c1`.`cross_validation` as `orignal_cross_validation`, `c2`.`company_id` as `matched_company_id`, `c2`.`database_name` as `matched_database_name`, `c2`.`outbound` as `matched_outbound`, `c2`.`company_name` as `matched_company_name`, `c2`.`category` as `matched_category`, `c2`.`address` as `matched_address`, `c2`.`city` as `matched_city`, `c2`.`pincode` as `matched_pincode`, `c2`.`state` as `matched_state`, `c2`.`country` as `matched_country`, `c2`.`phone` as `matched_phone`, `c2`.`gst_number` as `matched_gst_number`, `c2`.`sales_person` as `matched_sales_person`, `c2`.`active_inactive` as `matched_active_inactive`, `c2`.`created_at` as `matched_created_at`, `c2`.`updated_at` as `matched_updated_at`, `c2`.`last_confirmed_at` as `matched_last_confirmed_at`, `c2`.`cross_validation` as `matched_cross_validation`, `c2`.`session` as `matched_session`
FROM `matching_session` as `ms`
JOIN `company_data` `c1` ON `ms`.`company_id` = `c1`.`company_id`
JOIN `company_data` `c2` ON `ms`.`matching_company_id` = `c2`.`company_id`')
 4 SYSTEMPATH\Database\BaseBuilder.php(1649): CodeIgniter\Database\BaseConnection->query('SELECT `ms`.*, `c1`.`company_id` as `original_company_id`, `c1`.`database_name` as `original_database_name`, `c1`.`outbound` as `original_outbound`, `c1`.`company_name` as `original_company_name`, `c1`.`category` as `original_category`, `c1`.`address` as `original_address`, `c1`.`city` as `original_city`, `c1`.`pincode` as `original_pincode`, `c1`.`state` as `original_state`, `c1`.`country` as `original_country`, `c1`.`phone` as `original_phone`, `c1`.`gst_number` as `original_gst_number`, `c1`.`sales_person` as `original_sales_person`, `c1`.`active_inactive` as `original_active_inactive`, `c1`.`created_at` as `original_created_at`, `c1`.`updated_at` as `original_updated_at`, `c1`.`last_confirmed_at` as `original_last_confirmed_at`, `c1`.`session` as `original_session`, `c1`.`cross_validation` as `orignal_cross_validation`, `c2`.`company_id` as `matched_company_id`, `c2`.`database_name` as `matched_database_name`, `c2`.`outbound` as `matched_outbound`, `c2`.`company_name` as `matched_company_name`, `c2`.`category` as `matched_category`, `c2`.`address` as `matched_address`, `c2`.`city` as `matched_city`, `c2`.`pincode` as `matched_pincode`, `c2`.`state` as `matched_state`, `c2`.`country` as `matched_country`, `c2`.`phone` as `matched_phone`, `c2`.`gst_number` as `matched_gst_number`, `c2`.`sales_person` as `matched_sales_person`, `c2`.`active_inactive` as `matched_active_inactive`, `c2`.`created_at` as `matched_created_at`, `c2`.`updated_at` as `matched_updated_at`, `c2`.`last_confirmed_at` as `matched_last_confirmed_at`, `c2`.`cross_validation` as `matched_cross_validation`, `c2`.`session` as `matched_session`
FROM `matching_session` as `ms`
JOIN `company_data` `c1` ON `ms`.`company_id` = `c1`.`company_id`
JOIN `company_data` `c2` ON `ms`.`matching_company_id` = `c2`.`company_id`', [], false)
 5 APPPATH\Controllers\CrossValidation.php(80): CodeIgniter\Database\BaseBuilder->get()
 6 SYSTEMPATH\CodeIgniter.php(933): App\Controllers\CrossValidation->index()
 7 SYSTEMPATH\CodeIgniter.php(507): CodeIgniter\CodeIgniter->runController(Object(App\Controllers\CrossValidation))
 8 SYSTEMPATH\CodeIgniter.php(354): CodeIgniter\CodeIgniter->handleRequest(null, Object(Config\Cache), false)
 9 SYSTEMPATH\Boot.php(363): CodeIgniter\CodeIgniter->run()
10 SYSTEMPATH\Boot.php(68): CodeIgniter\Boot::runCodeIgniter(Object(CodeIgniter\CodeIgniter))
11 FCPATH\index.php(59): CodeIgniter\Boot::bootWeb(Object(Config\Paths))
ERROR - 2026-02-04 07:07:08 --> mysqli_sql_exception: Unknown column 'c1.cross_validation' in 'field list' in C:\xampp\htdocs\iitm\central\vendor\codeigniter4\framework\system\Database\MySQLi\Connection.php:327
Stack trace:
#0 C:\xampp\htdocs\iitm\central\vendor\codeigniter4\framework\system\Database\MySQLi\Connection.php(327): mysqli->query('SELECT `ms`.*, ...', 0)
#1 C:\xampp\htdocs\iitm\central\vendor\codeigniter4\framework\system\Database\BaseConnection.php(729): CodeIgniter\Database\MySQLi\Connection->execute('SELECT `ms`.*, ...')
#2 C:\xampp\htdocs\iitm\central\vendor\codeigniter4\framework\system\Database\BaseConnection.php(646): CodeIgniter\Database\BaseConnection->simpleQuery('SELECT `ms`.*, ...')
#3 C:\xampp\htdocs\iitm\central\vendor\codeigniter4\framework\system\Database\BaseBuilder.php(1649): CodeIgniter\Database\BaseConnection->query('SELECT `ms`.*, ...', Array, false)
#4 C:\xampp\htdocs\iitm\central\app\Controllers\CrossValidation.php(80): CodeIgniter\Database\BaseBuilder->get()
#5 C:\xampp\htdocs\iitm\central\vendor\codeigniter4\framework\system\CodeIgniter.php(933): App\Controllers\CrossValidation->index()
#6 C:\xampp\htdocs\iitm\central\vendor\codeigniter4\framework\system\CodeIgniter.php(507): CodeIgniter\CodeIgniter->runController(Object(App\Controllers\CrossValidation))
#7 C:\xampp\htdocs\iitm\central\vendor\codeigniter4\framework\system\CodeIgniter.php(354): CodeIgniter\CodeIgniter->handleRequest(NULL, Object(Config\Cache), false)
#8 C:\xampp\htdocs\iitm\central\vendor\codeigniter4\framework\system\Boot.php(363): CodeIgniter\CodeIgniter->run()
#9 C:\xampp\htdocs\iitm\central\vendor\codeigniter4\framework\system\Boot.php(68): CodeIgniter\Boot::runCodeIgniter(Object(CodeIgniter\CodeIgniter))
#10 C:\xampp\htdocs\iitm\central\index.php(59): CodeIgniter\Boot::bootWeb(Object(Config\Paths))
#11 {main}
CRITICAL - 2026-02-04 07:07:08 --> CodeIgniter\Database\Exceptions\DatabaseException: Unknown column 'c1.cross_validation' in 'field list'
[Method: GET, Route: crossvalidation]
in SYSTEMPATH\Database\BaseConnection.php on line 684.
 1 SYSTEMPATH\Database\BaseBuilder.php(1649): CodeIgniter\Database\BaseConnection->query('SELECT `ms`.*, `c1`.`company_id` as `original_company_id`, `c1`.`database_name` as `original_database_name`, `c1`.`outbound` as `original_outbound`, `c1`.`company_name` as `original_company_name`, `c1`.`category` as `original_category`, `c1`.`address` as `original_address`, `c1`.`city` as `original_city`, `c1`.`pincode` as `original_pincode`, `c1`.`state` as `original_state`, `c1`.`country` as `original_country`, `c1`.`phone` as `original_phone`, `c1`.`gst_number` as `original_gst_number`, `c1`.`sales_person` as `original_sales_person`, `c1`.`active_inactive` as `original_active_inactive`, `c1`.`created_at` as `original_created_at`, `c1`.`updated_at` as `original_updated_at`, `c1`.`last_confirmed_at` as `original_last_confirmed_at`, `c1`.`session` as `original_session`, `c1`.`cross_validation` as `orignal_cross_validation`, `c2`.`company_id` as `matched_company_id`, `c2`.`database_name` as `matched_database_name`, `c2`.`outbound` as `matched_outbound`, `c2`.`company_name` as `matched_company_name`, `c2`.`category` as `matched_category`, `c2`.`address` as `matched_address`, `c2`.`city` as `matched_city`, `c2`.`pincode` as `matched_pincode`, `c2`.`state` as `matched_state`, `c2`.`country` as `matched_country`, `c2`.`phone` as `matched_phone`, `c2`.`gst_number` as `matched_gst_number`, `c2`.`sales_person` as `matched_sales_person`, `c2`.`active_inactive` as `matched_active_inactive`, `c2`.`created_at` as `matched_created_at`, `c2`.`updated_at` as `matched_updated_at`, `c2`.`last_confirmed_at` as `matched_last_confirmed_at`, `c2`.`cross_validation` as `matched_cross_validation`, `c2`.`session` as `matched_session`
FROM `matching_session` as `ms`
JOIN `company_data` `c1` ON `ms`.`company_id` = `c1`.`company_id`
JOIN `company_data` `c2` ON `ms`.`matching_company_id` = `c2`.`company_id`', [], false)
 2 APPPATH\Controllers\CrossValidation.php(80): CodeIgniter\Database\BaseBuilder->get()
 3 SYSTEMPATH\CodeIgniter.php(933): App\Controllers\CrossValidation->index()
 4 SYSTEMPATH\CodeIgniter.php(507): CodeIgniter\CodeIgniter->runController(Object(App\Controllers\CrossValidation))
 5 SYSTEMPATH\CodeIgniter.php(354): CodeIgniter\CodeIgniter->handleRequest(null, Object(Config\Cache), false)
 6 SYSTEMPATH\Boot.php(363): CodeIgniter\CodeIgniter->run()
 7 SYSTEMPATH\Boot.php(68): CodeIgniter\Boot::runCodeIgniter(Object(CodeIgniter\CodeIgniter))
 8 FCPATH\index.php(59): CodeIgniter\Boot::bootWeb(Object(Config\Paths))
CRITICAL - 2026-02-04 07:07:08 --> [Caused by] CodeIgniter\Database\Exceptions\DatabaseException: Unknown column 'c1.cross_validation' in 'field list'
in SYSTEMPATH\Database\MySQLi\Connection.php on line 332.
 1 SYSTEMPATH\Database\BaseConnection.php(729): CodeIgniter\Database\MySQLi\Connection->execute('SELECT `ms`.*, `c1`.`company_id` as `original_company_id`, `c1`.`database_name` as `original_database_name`, `c1`.`outbound` as `original_outbound`, `c1`.`company_name` as `original_company_name`, `c1`.`category` as `original_category`, `c1`.`address` as `original_address`, `c1`.`city` as `original_city`, `c1`.`pincode` as `original_pincode`, `c1`.`state` as `original_state`, `c1`.`country` as `original_country`, `c1`.`phone` as `original_phone`, `c1`.`gst_number` as `original_gst_number`, `c1`.`sales_person` as `original_sales_person`, `c1`.`active_inactive` as `original_active_inactive`, `c1`.`created_at` as `original_created_at`, `c1`.`updated_at` as `original_updated_at`, `c1`.`last_confirmed_at` as `original_last_confirmed_at`, `c1`.`session` as `original_session`, `c1`.`cross_validation` as `orignal_cross_validation`, `c2`.`company_id` as `matched_company_id`, `c2`.`database_name` as `matched_database_name`, `c2`.`outbound` as `matched_outbound`, `c2`.`company_name` as `matched_company_name`, `c2`.`category` as `matched_category`, `c2`.`address` as `matched_address`, `c2`.`city` as `matched_city`, `c2`.`pincode` as `matched_pincode`, `c2`.`state` as `matched_state`, `c2`.`country` as `matched_country`, `c2`.`phone` as `matched_phone`, `c2`.`gst_number` as `matched_gst_number`, `c2`.`sales_person` as `matched_sales_person`, `c2`.`active_inactive` as `matched_active_inactive`, `c2`.`created_at` as `matched_created_at`, `c2`.`updated_at` as `matched_updated_at`, `c2`.`last_confirmed_at` as `matched_last_confirmed_at`, `c2`.`cross_validation` as `matched_cross_validation`, `c2`.`session` as `matched_session`
FROM `matching_session` as `ms`
JOIN `company_data` `c1` ON `ms`.`company_id` = `c1`.`company_id`
JOIN `company_data` `c2` ON `ms`.`matching_company_id` = `c2`.`company_id`')
 2 SYSTEMPATH\Database\BaseConnection.php(646): CodeIgniter\Database\BaseConnection->simpleQuery('SELECT `ms`.*, `c1`.`company_id` as `original_company_id`, `c1`.`database_name` as `original_database_name`, `c1`.`outbound` as `original_outbound`, `c1`.`company_name` as `original_company_name`, `c1`.`category` as `original_category`, `c1`.`address` as `original_address`, `c1`.`city` as `original_city`, `c1`.`pincode` as `original_pincode`, `c1`.`state` as `original_state`, `c1`.`country` as `original_country`, `c1`.`phone` as `original_phone`, `c1`.`gst_number` as `original_gst_number`, `c1`.`sales_person` as `original_sales_person`, `c1`.`active_inactive` as `original_active_inactive`, `c1`.`created_at` as `original_created_at`, `c1`.`updated_at` as `original_updated_at`, `c1`.`last_confirmed_at` as `original_last_confirmed_at`, `c1`.`session` as `original_session`, `c1`.`cross_validation` as `orignal_cross_validation`, `c2`.`company_id` as `matched_company_id`, `c2`.`database_name` as `matched_database_name`, `c2`.`outbound` as `matched_outbound`, `c2`.`company_name` as `matched_company_name`, `c2`.`category` as `matched_category`, `c2`.`address` as `matched_address`, `c2`.`city` as `matched_city`, `c2`.`pincode` as `matched_pincode`, `c2`.`state` as `matched_state`, `c2`.`country` as `matched_country`, `c2`.`phone` as `matched_phone`, `c2`.`gst_number` as `matched_gst_number`, `c2`.`sales_person` as `matched_sales_person`, `c2`.`active_inactive` as `matched_active_inactive`, `c2`.`created_at` as `matched_created_at`, `c2`.`updated_at` as `matched_updated_at`, `c2`.`last_confirmed_at` as `matched_last_confirmed_at`, `c2`.`cross_validation` as `matched_cross_validation`, `c2`.`session` as `matched_session`
FROM `matching_session` as `ms`
JOIN `company_data` `c1` ON `ms`.`company_id` = `c1`.`company_id`
JOIN `company_data` `c2` ON `ms`.`matching_company_id` = `c2`.`company_id`')
 3 SYSTEMPATH\Database\BaseBuilder.php(1649): CodeIgniter\Database\BaseConnection->query('SELECT `ms`.*, `c1`.`company_id` as `original_company_id`, `c1`.`database_name` as `original_database_name`, `c1`.`outbound` as `original_outbound`, `c1`.`company_name` as `original_company_name`, `c1`.`category` as `original_category`, `c1`.`address` as `original_address`, `c1`.`city` as `original_city`, `c1`.`pincode` as `original_pincode`, `c1`.`state` as `original_state`, `c1`.`country` as `original_country`, `c1`.`phone` as `original_phone`, `c1`.`gst_number` as `original_gst_number`, `c1`.`sales_person` as `original_sales_person`, `c1`.`active_inactive` as `original_active_inactive`, `c1`.`created_at` as `original_created_at`, `c1`.`updated_at` as `original_updated_at`, `c1`.`last_confirmed_at` as `original_last_confirmed_at`, `c1`.`session` as `original_session`, `c1`.`cross_validation` as `orignal_cross_validation`, `c2`.`company_id` as `matched_company_id`, `c2`.`database_name` as `matched_database_name`, `c2`.`outbound` as `matched_outbound`, `c2`.`company_name` as `matched_company_name`, `c2`.`category` as `matched_category`, `c2`.`address` as `matched_address`, `c2`.`city` as `matched_city`, `c2`.`pincode` as `matched_pincode`, `c2`.`state` as `matched_state`, `c2`.`country` as `matched_country`, `c2`.`phone` as `matched_phone`, `c2`.`gst_number` as `matched_gst_number`, `c2`.`sales_person` as `matched_sales_person`, `c2`.`active_inactive` as `matched_active_inactive`, `c2`.`created_at` as `matched_created_at`, `c2`.`updated_at` as `matched_updated_at`, `c2`.`last_confirmed_at` as `matched_last_confirmed_at`, `c2`.`cross_validation` as `matched_cross_validation`, `c2`.`session` as `matched_session`
FROM `matching_session` as `ms`
JOIN `company_data` `c1` ON `ms`.`company_id` = `c1`.`company_id`
JOIN `company_data` `c2` ON `ms`.`matching_company_id` = `c2`.`company_id`', [], false)
 4 APPPATH\Controllers\CrossValidation.php(80): CodeIgniter\Database\BaseBuilder->get()
 5 SYSTEMPATH\CodeIgniter.php(933): App\Controllers\CrossValidation->index()
 6 SYSTEMPATH\CodeIgniter.php(507): CodeIgniter\CodeIgniter->runController(Object(App\Controllers\CrossValidation))
 7 SYSTEMPATH\CodeIgniter.php(354): CodeIgniter\CodeIgniter->handleRequest(null, Object(Config\Cache), false)
 8 SYSTEMPATH\Boot.php(363): CodeIgniter\CodeIgniter->run()
 9 SYSTEMPATH\Boot.php(68): CodeIgniter\Boot::runCodeIgniter(Object(CodeIgniter\CodeIgniter))
10 FCPATH\index.php(59): CodeIgniter\Boot::bootWeb(Object(Config\Paths))
CRITICAL - 2026-02-04 07:07:08 --> [Caused by] mysqli_sql_exception: Unknown column 'c1.cross_validation' in 'field list'
in SYSTEMPATH\Database\MySQLi\Connection.php on line 327.
 1 SYSTEMPATH\Database\MySQLi\Connection.php(327): mysqli->query('SELECT `ms`.*, `c1`.`company_id` as `original_company_id`, `c1`.`database_name` as `original_database_name`, `c1`.`outbound` as `original_outbound`, `c1`.`company_name` as `original_company_name`, `c1`.`category` as `original_category`, `c1`.`address` as `original_address`, `c1`.`city` as `original_city`, `c1`.`pincode` as `original_pincode`, `c1`.`state` as `original_state`, `c1`.`country` as `original_country`, `c1`.`phone` as `original_phone`, `c1`.`gst_number` as `original_gst_number`, `c1`.`sales_person` as `original_sales_person`, `c1`.`active_inactive` as `original_active_inactive`, `c1`.`created_at` as `original_created_at`, `c1`.`updated_at` as `original_updated_at`, `c1`.`last_confirmed_at` as `original_last_confirmed_at`, `c1`.`session` as `original_session`, `c1`.`cross_validation` as `orignal_cross_validation`, `c2`.`company_id` as `matched_company_id`, `c2`.`database_name` as `matched_database_name`, `c2`.`outbound` as `matched_outbound`, `c2`.`company_name` as `matched_company_name`, `c2`.`category` as `matched_category`, `c2`.`address` as `matched_address`, `c2`.`city` as `matched_city`, `c2`.`pincode` as `matched_pincode`, `c2`.`state` as `matched_state`, `c2`.`country` as `matched_country`, `c2`.`phone` as `matched_phone`, `c2`.`gst_number` as `matched_gst_number`, `c2`.`sales_person` as `matched_sales_person`, `c2`.`active_inactive` as `matched_active_inactive`, `c2`.`created_at` as `matched_created_at`, `c2`.`updated_at` as `matched_updated_at`, `c2`.`last_confirmed_at` as `matched_last_confirmed_at`, `c2`.`cross_validation` as `matched_cross_validation`, `c2`.`session` as `matched_session`
FROM `matching_session` as `ms`
JOIN `company_data` `c1` ON `ms`.`company_id` = `c1`.`company_id`
JOIN `company_data` `c2` ON `ms`.`matching_company_id` = `c2`.`company_id`', 0)
 2 SYSTEMPATH\Database\BaseConnection.php(729): CodeIgniter\Database\MySQLi\Connection->execute('SELECT `ms`.*, `c1`.`company_id` as `original_company_id`, `c1`.`database_name` as `original_database_name`, `c1`.`outbound` as `original_outbound`, `c1`.`company_name` as `original_company_name`, `c1`.`category` as `original_category`, `c1`.`address` as `original_address`, `c1`.`city` as `original_city`, `c1`.`pincode` as `original_pincode`, `c1`.`state` as `original_state`, `c1`.`country` as `original_country`, `c1`.`phone` as `original_phone`, `c1`.`gst_number` as `original_gst_number`, `c1`.`sales_person` as `original_sales_person`, `c1`.`active_inactive` as `original_active_inactive`, `c1`.`created_at` as `original_created_at`, `c1`.`updated_at` as `original_updated_at`, `c1`.`last_confirmed_at` as `original_last_confirmed_at`, `c1`.`session` as `original_session`, `c1`.`cross_validation` as `orignal_cross_validation`, `c2`.`company_id` as `matched_company_id`, `c2`.`database_name` as `matched_database_name`, `c2`.`outbound` as `matched_outbound`, `c2`.`company_name` as `matched_company_name`, `c2`.`category` as `matched_category`, `c2`.`address` as `matched_address`, `c2`.`city` as `matched_city`, `c2`.`pincode` as `matched_pincode`, `c2`.`state` as `matched_state`, `c2`.`country` as `matched_country`, `c2`.`phone` as `matched_phone`, `c2`.`gst_number` as `matched_gst_number`, `c2`.`sales_person` as `matched_sales_person`, `c2`.`active_inactive` as `matched_active_inactive`, `c2`.`created_at` as `matched_created_at`, `c2`.`updated_at` as `matched_updated_at`, `c2`.`last_confirmed_at` as `matched_last_confirmed_at`, `c2`.`cross_validation` as `matched_cross_validation`, `c2`.`session` as `matched_session`
FROM `matching_session` as `ms`
JOIN `company_data` `c1` ON `ms`.`company_id` = `c1`.`company_id`
JOIN `company_data` `c2` ON `ms`.`matching_company_id` = `c2`.`company_id`')
 3 SYSTEMPATH\Database\BaseConnection.php(646): CodeIgniter\Database\BaseConnection->simpleQuery('SELECT `ms`.*, `c1`.`company_id` as `original_company_id`, `c1`.`database_name` as `original_database_name`, `c1`.`outbound` as `original_outbound`, `c1`.`company_name` as `original_company_name`, `c1`.`category` as `original_category`, `c1`.`address` as `original_address`, `c1`.`city` as `original_city`, `c1`.`pincode` as `original_pincode`, `c1`.`state` as `original_state`, `c1`.`country` as `original_country`, `c1`.`phone` as `original_phone`, `c1`.`gst_number` as `original_gst_number`, `c1`.`sales_person` as `original_sales_person`, `c1`.`active_inactive` as `original_active_inactive`, `c1`.`created_at` as `original_created_at`, `c1`.`updated_at` as `original_updated_at`, `c1`.`last_confirmed_at` as `original_last_confirmed_at`, `c1`.`session` as `original_session`, `c1`.`cross_validation` as `orignal_cross_validation`, `c2`.`company_id` as `matched_company_id`, `c2`.`database_name` as `matched_database_name`, `c2`.`outbound` as `matched_outbound`, `c2`.`company_name` as `matched_company_name`, `c2`.`category` as `matched_category`, `c2`.`address` as `matched_address`, `c2`.`city` as `matched_city`, `c2`.`pincode` as `matched_pincode`, `c2`.`state` as `matched_state`, `c2`.`country` as `matched_country`, `c2`.`phone` as `matched_phone`, `c2`.`gst_number` as `matched_gst_number`, `c2`.`sales_person` as `matched_sales_person`, `c2`.`active_inactive` as `matched_active_inactive`, `c2`.`created_at` as `matched_created_at`, `c2`.`updated_at` as `matched_updated_at`, `c2`.`last_confirmed_at` as `matched_last_confirmed_at`, `c2`.`cross_validation` as `matched_cross_validation`, `c2`.`session` as `matched_session`
FROM `matching_session` as `ms`
JOIN `company_data` `c1` ON `ms`.`company_id` = `c1`.`company_id`
JOIN `company_data` `c2` ON `ms`.`matching_company_id` = `c2`.`company_id`')
 4 SYSTEMPATH\Database\BaseBuilder.php(1649): CodeIgniter\Database\BaseConnection->query('SELECT `ms`.*, `c1`.`company_id` as `original_company_id`, `c1`.`database_name` as `original_database_name`, `c1`.`outbound` as `original_outbound`, `c1`.`company_name` as `original_company_name`, `c1`.`category` as `original_category`, `c1`.`address` as `original_address`, `c1`.`city` as `original_city`, `c1`.`pincode` as `original_pincode`, `c1`.`state` as `original_state`, `c1`.`country` as `original_country`, `c1`.`phone` as `original_phone`, `c1`.`gst_number` as `original_gst_number`, `c1`.`sales_person` as `original_sales_person`, `c1`.`active_inactive` as `original_active_inactive`, `c1`.`created_at` as `original_created_at`, `c1`.`updated_at` as `original_updated_at`, `c1`.`last_confirmed_at` as `original_last_confirmed_at`, `c1`.`session` as `original_session`, `c1`.`cross_validation` as `orignal_cross_validation`, `c2`.`company_id` as `matched_company_id`, `c2`.`database_name` as `matched_database_name`, `c2`.`outbound` as `matched_outbound`, `c2`.`company_name` as `matched_company_name`, `c2`.`category` as `matched_category`, `c2`.`address` as `matched_address`, `c2`.`city` as `matched_city`, `c2`.`pincode` as `matched_pincode`, `c2`.`state` as `matched_state`, `c2`.`country` as `matched_country`, `c2`.`phone` as `matched_phone`, `c2`.`gst_number` as `matched_gst_number`, `c2`.`sales_person` as `matched_sales_person`, `c2`.`active_inactive` as `matched_active_inactive`, `c2`.`created_at` as `matched_created_at`, `c2`.`updated_at` as `matched_updated_at`, `c2`.`last_confirmed_at` as `matched_last_confirmed_at`, `c2`.`cross_validation` as `matched_cross_validation`, `c2`.`session` as `matched_session`
FROM `matching_session` as `ms`
JOIN `company_data` `c1` ON `ms`.`company_id` = `c1`.`company_id`
JOIN `company_data` `c2` ON `ms`.`matching_company_id` = `c2`.`company_id`', [], false)
 5 APPPATH\Controllers\CrossValidation.php(80): CodeIgniter\Database\BaseBuilder->get()
 6 SYSTEMPATH\CodeIgniter.php(933): App\Controllers\CrossValidation->index()
 7 SYSTEMPATH\CodeIgniter.php(507): CodeIgniter\CodeIgniter->runController(Object(App\Controllers\CrossValidation))
 8 SYSTEMPATH\CodeIgniter.php(354): CodeIgniter\CodeIgniter->handleRequest(null, Object(Config\Cache), false)
 9 SYSTEMPATH\Boot.php(363): CodeIgniter\CodeIgniter->run()
10 SYSTEMPATH\Boot.php(68): CodeIgniter\Boot::runCodeIgniter(Object(CodeIgniter\CodeIgniter))
11 FCPATH\index.php(59): CodeIgniter\Boot::bootWeb(Object(Config\Paths))
ERROR - 2026-02-04 07:07:34 --> mysqli_sql_exception: Unknown column 'c1.cross_validation' in 'field list' in C:\xampp\htdocs\iitm\central\vendor\codeigniter4\framework\system\Database\MySQLi\Connection.php:327
Stack trace:
#0 C:\xampp\htdocs\iitm\central\vendor\codeigniter4\framework\system\Database\MySQLi\Connection.php(327): mysqli->query('SELECT `ms`.*, ...', 0)
#1 C:\xampp\htdocs\iitm\central\vendor\codeigniter4\framework\system\Database\BaseConnection.php(729): CodeIgniter\Database\MySQLi\Connection->execute('SELECT `ms`.*, ...')
#2 C:\xampp\htdocs\iitm\central\vendor\codeigniter4\framework\system\Database\BaseConnection.php(646): CodeIgniter\Database\BaseConnection->simpleQuery('SELECT `ms`.*, ...')
#3 C:\xampp\htdocs\iitm\central\vendor\codeigniter4\framework\system\Database\BaseBuilder.php(1649): CodeIgniter\Database\BaseConnection->query('SELECT `ms`.*, ...', Array, false)
#4 C:\xampp\htdocs\iitm\central\app\Controllers\CrossValidation.php(80): CodeIgniter\Database\BaseBuilder->get()
#5 C:\xampp\htdocs\iitm\central\vendor\codeigniter4\framework\system\CodeIgniter.php(933): App\Controllers\CrossValidation->index()
#6 C:\xampp\htdocs\iitm\central\vendor\codeigniter4\framework\system\CodeIgniter.php(507): CodeIgniter\CodeIgniter->runController(Object(App\Controllers\CrossValidation))
#7 C:\xampp\htdocs\iitm\central\vendor\codeigniter4\framework\system\CodeIgniter.php(354): CodeIgniter\CodeIgniter->handleRequest(NULL, Object(Config\Cache), false)
#8 C:\xampp\htdocs\iitm\central\vendor\codeigniter4\framework\system\Boot.php(363): CodeIgniter\CodeIgniter->run()
#9 C:\xampp\htdocs\iitm\central\vendor\codeigniter4\framework\system\Boot.php(68): CodeIgniter\Boot::runCodeIgniter(Object(CodeIgniter\CodeIgniter))
#10 C:\xampp\htdocs\iitm\central\index.php(59): CodeIgniter\Boot::bootWeb(Object(Config\Paths))
#11 {main}
CRITICAL - 2026-02-04 07:07:34 --> CodeIgniter\Database\Exceptions\DatabaseException: Unknown column 'c1.cross_validation' in 'field list'
[Method: GET, Route: crossvalidation]
in SYSTEMPATH\Database\BaseConnection.php on line 684.
 1 SYSTEMPATH\Database\BaseBuilder.php(1649): CodeIgniter\Database\BaseConnection->query('SELECT `ms`.*, `c1`.`company_id` as `original_company_id`, `c1`.`database_name` as `original_database_name`, `c1`.`outbound` as `original_outbound`, `c1`.`company_name` as `original_company_name`, `c1`.`category` as `original_category`, `c1`.`address` as `original_address`, `c1`.`city` as `original_city`, `c1`.`pincode` as `original_pincode`, `c1`.`state` as `original_state`, `c1`.`country` as `original_country`, `c1`.`phone` as `original_phone`, `c1`.`gst_number` as `original_gst_number`, `c1`.`sales_person` as `original_sales_person`, `c1`.`active_inactive` as `original_active_inactive`, `c1`.`created_at` as `original_created_at`, `c1`.`updated_at` as `original_updated_at`, `c1`.`last_confirmed_at` as `original_last_confirmed_at`, `c1`.`session` as `original_session`, `c1`.`cross_validation` as `orignal_cross_validation`, `c2`.`company_id` as `matched_company_id`, `c2`.`database_name` as `matched_database_name`, `c2`.`outbound` as `matched_outbound`, `c2`.`company_name` as `matched_company_name`, `c2`.`category` as `matched_category`, `c2`.`address` as `matched_address`, `c2`.`city` as `matched_city`, `c2`.`pincode` as `matched_pincode`, `c2`.`state` as `matched_state`, `c2`.`country` as `matched_country`, `c2`.`phone` as `matched_phone`, `c2`.`gst_number` as `matched_gst_number`, `c2`.`sales_person` as `matched_sales_person`, `c2`.`active_inactive` as `matched_active_inactive`, `c2`.`created_at` as `matched_created_at`, `c2`.`updated_at` as `matched_updated_at`, `c2`.`last_confirmed_at` as `matched_last_confirmed_at`, `c2`.`cross_validation` as `matched_cross_validation`, `c2`.`session` as `matched_session`
FROM `matching_session` as `ms`
JOIN `company_data` `c1` ON `ms`.`company_id` = `c1`.`company_id`
JOIN `company_data` `c2` ON `ms`.`matching_company_id` = `c2`.`company_id`', [], false)
 2 APPPATH\Controllers\CrossValidation.php(80): CodeIgniter\Database\BaseBuilder->get()
 3 SYSTEMPATH\CodeIgniter.php(933): App\Controllers\CrossValidation->index()
 4 SYSTEMPATH\CodeIgniter.php(507): CodeIgniter\CodeIgniter->runController(Object(App\Controllers\CrossValidation))
 5 SYSTEMPATH\CodeIgniter.php(354): CodeIgniter\CodeIgniter->handleRequest(null, Object(Config\Cache), false)
 6 SYSTEMPATH\Boot.php(363): CodeIgniter\CodeIgniter->run()
 7 SYSTEMPATH\Boot.php(68): CodeIgniter\Boot::runCodeIgniter(Object(CodeIgniter\CodeIgniter))
 8 FCPATH\index.php(59): CodeIgniter\Boot::bootWeb(Object(Config\Paths))
CRITICAL - 2026-02-04 07:07:34 --> [Caused by] CodeIgniter\Database\Exceptions\DatabaseException: Unknown column 'c1.cross_validation' in 'field list'
in SYSTEMPATH\Database\MySQLi\Connection.php on line 332.
 1 SYSTEMPATH\Database\BaseConnection.php(729): CodeIgniter\Database\MySQLi\Connection->execute('SELECT `ms`.*, `c1`.`company_id` as `original_company_id`, `c1`.`database_name` as `original_database_name`, `c1`.`outbound` as `original_outbound`, `c1`.`company_name` as `original_company_name`, `c1`.`category` as `original_category`, `c1`.`address` as `original_address`, `c1`.`city` as `original_city`, `c1`.`pincode` as `original_pincode`, `c1`.`state` as `original_state`, `c1`.`country` as `original_country`, `c1`.`phone` as `original_phone`, `c1`.`gst_number` as `original_gst_number`, `c1`.`sales_person` as `original_sales_person`, `c1`.`active_inactive` as `original_active_inactive`, `c1`.`created_at` as `original_created_at`, `c1`.`updated_at` as `original_updated_at`, `c1`.`last_confirmed_at` as `original_last_confirmed_at`, `c1`.`session` as `original_session`, `c1`.`cross_validation` as `orignal_cross_validation`, `c2`.`company_id` as `matched_company_id`, `c2`.`database_name` as `matched_database_name`, `c2`.`outbound` as `matched_outbound`, `c2`.`company_name` as `matched_company_name`, `c2`.`category` as `matched_category`, `c2`.`address` as `matched_address`, `c2`.`city` as `matched_city`, `c2`.`pincode` as `matched_pincode`, `c2`.`state` as `matched_state`, `c2`.`country` as `matched_country`, `c2`.`phone` as `matched_phone`, `c2`.`gst_number` as `matched_gst_number`, `c2`.`sales_person` as `matched_sales_person`, `c2`.`active_inactive` as `matched_active_inactive`, `c2`.`created_at` as `matched_created_at`, `c2`.`updated_at` as `matched_updated_at`, `c2`.`last_confirmed_at` as `matched_last_confirmed_at`, `c2`.`cross_validation` as `matched_cross_validation`, `c2`.`session` as `matched_session`
FROM `matching_session` as `ms`
JOIN `company_data` `c1` ON `ms`.`company_id` = `c1`.`company_id`
JOIN `company_data` `c2` ON `ms`.`matching_company_id` = `c2`.`company_id`')
 2 SYSTEMPATH\Database\BaseConnection.php(646): CodeIgniter\Database\BaseConnection->simpleQuery('SELECT `ms`.*, `c1`.`company_id` as `original_company_id`, `c1`.`database_name` as `original_database_name`, `c1`.`outbound` as `original_outbound`, `c1`.`company_name` as `original_company_name`, `c1`.`category` as `original_category`, `c1`.`address` as `original_address`, `c1`.`city` as `original_city`, `c1`.`pincode` as `original_pincode`, `c1`.`state` as `original_state`, `c1`.`country` as `original_country`, `c1`.`phone` as `original_phone`, `c1`.`gst_number` as `original_gst_number`, `c1`.`sales_person` as `original_sales_person`, `c1`.`active_inactive` as `original_active_inactive`, `c1`.`created_at` as `original_created_at`, `c1`.`updated_at` as `original_updated_at`, `c1`.`last_confirmed_at` as `original_last_confirmed_at`, `c1`.`session` as `original_session`, `c1`.`cross_validation` as `orignal_cross_validation`, `c2`.`company_id` as `matched_company_id`, `c2`.`database_name` as `matched_database_name`, `c2`.`outbound` as `matched_outbound`, `c2`.`company_name` as `matched_company_name`, `c2`.`category` as `matched_category`, `c2`.`address` as `matched_address`, `c2`.`city` as `matched_city`, `c2`.`pincode` as `matched_pincode`, `c2`.`state` as `matched_state`, `c2`.`country` as `matched_country`, `c2`.`phone` as `matched_phone`, `c2`.`gst_number` as `matched_gst_number`, `c2`.`sales_person` as `matched_sales_person`, `c2`.`active_inactive` as `matched_active_inactive`, `c2`.`created_at` as `matched_created_at`, `c2`.`updated_at` as `matched_updated_at`, `c2`.`last_confirmed_at` as `matched_last_confirmed_at`, `c2`.`cross_validation` as `matched_cross_validation`, `c2`.`session` as `matched_session`
FROM `matching_session` as `ms`
JOIN `company_data` `c1` ON `ms`.`company_id` = `c1`.`company_id`
JOIN `company_data` `c2` ON `ms`.`matching_company_id` = `c2`.`company_id`')
 3 SYSTEMPATH\Database\BaseBuilder.php(1649): CodeIgniter\Database\BaseConnection->query('SELECT `ms`.*, `c1`.`company_id` as `original_company_id`, `c1`.`database_name` as `original_database_name`, `c1`.`outbound` as `original_outbound`, `c1`.`company_name` as `original_company_name`, `c1`.`category` as `original_category`, `c1`.`address` as `original_address`, `c1`.`city` as `original_city`, `c1`.`pincode` as `original_pincode`, `c1`.`state` as `original_state`, `c1`.`country` as `original_country`, `c1`.`phone` as `original_phone`, `c1`.`gst_number` as `original_gst_number`, `c1`.`sales_person` as `original_sales_person`, `c1`.`active_inactive` as `original_active_inactive`, `c1`.`created_at` as `original_created_at`, `c1`.`updated_at` as `original_updated_at`, `c1`.`last_confirmed_at` as `original_last_confirmed_at`, `c1`.`session` as `original_session`, `c1`.`cross_validation` as `orignal_cross_validation`, `c2`.`company_id` as `matched_company_id`, `c2`.`database_name` as `matched_database_name`, `c2`.`outbound` as `matched_outbound`, `c2`.`company_name` as `matched_company_name`, `c2`.`category` as `matched_category`, `c2`.`address` as `matched_address`, `c2`.`city` as `matched_city`, `c2`.`pincode` as `matched_pincode`, `c2`.`state` as `matched_state`, `c2`.`country` as `matched_country`, `c2`.`phone` as `matched_phone`, `c2`.`gst_number` as `matched_gst_number`, `c2`.`sales_person` as `matched_sales_person`, `c2`.`active_inactive` as `matched_active_inactive`, `c2`.`created_at` as `matched_created_at`, `c2`.`updated_at` as `matched_updated_at`, `c2`.`last_confirmed_at` as `matched_last_confirmed_at`, `c2`.`cross_validation` as `matched_cross_validation`, `c2`.`session` as `matched_session`
FROM `matching_session` as `ms`
JOIN `company_data` `c1` ON `ms`.`company_id` = `c1`.`company_id`
JOIN `company_data` `c2` ON `ms`.`matching_company_id` = `c2`.`company_id`', [], false)
 4 APPPATH\Controllers\CrossValidation.php(80): CodeIgniter\Database\BaseBuilder->get()
 5 SYSTEMPATH\CodeIgniter.php(933): App\Controllers\CrossValidation->index()
 6 SYSTEMPATH\CodeIgniter.php(507): CodeIgniter\CodeIgniter->runController(Object(App\Controllers\CrossValidation))
 7 SYSTEMPATH\CodeIgniter.php(354): CodeIgniter\CodeIgniter->handleRequest(null, Object(Config\Cache), false)
 8 SYSTEMPATH\Boot.php(363): CodeIgniter\CodeIgniter->run()
 9 SYSTEMPATH\Boot.php(68): CodeIgniter\Boot::runCodeIgniter(Object(CodeIgniter\CodeIgniter))
10 FCPATH\index.php(59): CodeIgniter\Boot::bootWeb(Object(Config\Paths))
CRITICAL - 2026-02-04 07:07:34 --> [Caused by] mysqli_sql_exception: Unknown column 'c1.cross_validation' in 'field list'
in SYSTEMPATH\Database\MySQLi\Connection.php on line 327.
 1 SYSTEMPATH\Database\MySQLi\Connection.php(327): mysqli->query('SELECT `ms`.*, `c1`.`company_id` as `original_company_id`, `c1`.`database_name` as `original_database_name`, `c1`.`outbound` as `original_outbound`, `c1`.`company_name` as `original_company_name`, `c1`.`category` as `original_category`, `c1`.`address` as `original_address`, `c1`.`city` as `original_city`, `c1`.`pincode` as `original_pincode`, `c1`.`state` as `original_state`, `c1`.`country` as `original_country`, `c1`.`phone` as `original_phone`, `c1`.`gst_number` as `original_gst_number`, `c1`.`sales_person` as `original_sales_person`, `c1`.`active_inactive` as `original_active_inactive`, `c1`.`created_at` as `original_created_at`, `c1`.`updated_at` as `original_updated_at`, `c1`.`last_confirmed_at` as `original_last_confirmed_at`, `c1`.`session` as `original_session`, `c1`.`cross_validation` as `orignal_cross_validation`, `c2`.`company_id` as `matched_company_id`, `c2`.`database_name` as `matched_database_name`, `c2`.`outbound` as `matched_outbound`, `c2`.`company_name` as `matched_company_name`, `c2`.`category` as `matched_category`, `c2`.`address` as `matched_address`, `c2`.`city` as `matched_city`, `c2`.`pincode` as `matched_pincode`, `c2`.`state` as `matched_state`, `c2`.`country` as `matched_country`, `c2`.`phone` as `matched_phone`, `c2`.`gst_number` as `matched_gst_number`, `c2`.`sales_person` as `matched_sales_person`, `c2`.`active_inactive` as `matched_active_inactive`, `c2`.`created_at` as `matched_created_at`, `c2`.`updated_at` as `matched_updated_at`, `c2`.`last_confirmed_at` as `matched_last_confirmed_at`, `c2`.`cross_validation` as `matched_cross_validation`, `c2`.`session` as `matched_session`
FROM `matching_session` as `ms`
JOIN `company_data` `c1` ON `ms`.`company_id` = `c1`.`company_id`
JOIN `company_data` `c2` ON `ms`.`matching_company_id` = `c2`.`company_id`', 0)
 2 SYSTEMPATH\Database\BaseConnection.php(729): CodeIgniter\Database\MySQLi\Connection->execute('SELECT `ms`.*, `c1`.`company_id` as `original_company_id`, `c1`.`database_name` as `original_database_name`, `c1`.`outbound` as `original_outbound`, `c1`.`company_name` as `original_company_name`, `c1`.`category` as `original_category`, `c1`.`address` as `original_address`, `c1`.`city` as `original_city`, `c1`.`pincode` as `original_pincode`, `c1`.`state` as `original_state`, `c1`.`country` as `original_country`, `c1`.`phone` as `original_phone`, `c1`.`gst_number` as `original_gst_number`, `c1`.`sales_person` as `original_sales_person`, `c1`.`active_inactive` as `original_active_inactive`, `c1`.`created_at` as `original_created_at`, `c1`.`updated_at` as `original_updated_at`, `c1`.`last_confirmed_at` as `original_last_confirmed_at`, `c1`.`session` as `original_session`, `c1`.`cross_validation` as `orignal_cross_validation`, `c2`.`company_id` as `matched_company_id`, `c2`.`database_name` as `matched_database_name`, `c2`.`outbound` as `matched_outbound`, `c2`.`company_name` as `matched_company_name`, `c2`.`category` as `matched_category`, `c2`.`address` as `matched_address`, `c2`.`city` as `matched_city`, `c2`.`pincode` as `matched_pincode`, `c2`.`state` as `matched_state`, `c2`.`country` as `matched_country`, `c2`.`phone` as `matched_phone`, `c2`.`gst_number` as `matched_gst_number`, `c2`.`sales_person` as `matched_sales_person`, `c2`.`active_inactive` as `matched_active_inactive`, `c2`.`created_at` as `matched_created_at`, `c2`.`updated_at` as `matched_updated_at`, `c2`.`last_confirmed_at` as `matched_last_confirmed_at`, `c2`.`cross_validation` as `matched_cross_validation`, `c2`.`session` as `matched_session`
FROM `matching_session` as `ms`
JOIN `company_data` `c1` ON `ms`.`company_id` = `c1`.`company_id`
JOIN `company_data` `c2` ON `ms`.`matching_company_id` = `c2`.`company_id`')
 3 SYSTEMPATH\Database\BaseConnection.php(646): CodeIgniter\Database\BaseConnection->simpleQuery('SELECT `ms`.*, `c1`.`company_id` as `original_company_id`, `c1`.`database_name` as `original_database_name`, `c1`.`outbound` as `original_outbound`, `c1`.`company_name` as `original_company_name`, `c1`.`category` as `original_category`, `c1`.`address` as `original_address`, `c1`.`city` as `original_city`, `c1`.`pincode` as `original_pincode`, `c1`.`state` as `original_state`, `c1`.`country` as `original_country`, `c1`.`phone` as `original_phone`, `c1`.`gst_number` as `original_gst_number`, `c1`.`sales_person` as `original_sales_person`, `c1`.`active_inactive` as `original_active_inactive`, `c1`.`created_at` as `original_created_at`, `c1`.`updated_at` as `original_updated_at`, `c1`.`last_confirmed_at` as `original_last_confirmed_at`, `c1`.`session` as `original_session`, `c1`.`cross_validation` as `orignal_cross_validation`, `c2`.`company_id` as `matched_company_id`, `c2`.`database_name` as `matched_database_name`, `c2`.`outbound` as `matched_outbound`, `c2`.`company_name` as `matched_company_name`, `c2`.`category` as `matched_category`, `c2`.`address` as `matched_address`, `c2`.`city` as `matched_city`, `c2`.`pincode` as `matched_pincode`, `c2`.`state` as `matched_state`, `c2`.`country` as `matched_country`, `c2`.`phone` as `matched_phone`, `c2`.`gst_number` as `matched_gst_number`, `c2`.`sales_person` as `matched_sales_person`, `c2`.`active_inactive` as `matched_active_inactive`, `c2`.`created_at` as `matched_created_at`, `c2`.`updated_at` as `matched_updated_at`, `c2`.`last_confirmed_at` as `matched_last_confirmed_at`, `c2`.`cross_validation` as `matched_cross_validation`, `c2`.`session` as `matched_session`
FROM `matching_session` as `ms`
JOIN `company_data` `c1` ON `ms`.`company_id` = `c1`.`company_id`
JOIN `company_data` `c2` ON `ms`.`matching_company_id` = `c2`.`company_id`')
 4 SYSTEMPATH\Database\BaseBuilder.php(1649): CodeIgniter\Database\BaseConnection->query('SELECT `ms`.*, `c1`.`company_id` as `original_company_id`, `c1`.`database_name` as `original_database_name`, `c1`.`outbound` as `original_outbound`, `c1`.`company_name` as `original_company_name`, `c1`.`category` as `original_category`, `c1`.`address` as `original_address`, `c1`.`city` as `original_city`, `c1`.`pincode` as `original_pincode`, `c1`.`state` as `original_state`, `c1`.`country` as `original_country`, `c1`.`phone` as `original_phone`, `c1`.`gst_number` as `original_gst_number`, `c1`.`sales_person` as `original_sales_person`, `c1`.`active_inactive` as `original_active_inactive`, `c1`.`created_at` as `original_created_at`, `c1`.`updated_at` as `original_updated_at`, `c1`.`last_confirmed_at` as `original_last_confirmed_at`, `c1`.`session` as `original_session`, `c1`.`cross_validation` as `orignal_cross_validation`, `c2`.`company_id` as `matched_company_id`, `c2`.`database_name` as `matched_database_name`, `c2`.`outbound` as `matched_outbound`, `c2`.`company_name` as `matched_company_name`, `c2`.`category` as `matched_category`, `c2`.`address` as `matched_address`, `c2`.`city` as `matched_city`, `c2`.`pincode` as `matched_pincode`, `c2`.`state` as `matched_state`, `c2`.`country` as `matched_country`, `c2`.`phone` as `matched_phone`, `c2`.`gst_number` as `matched_gst_number`, `c2`.`sales_person` as `matched_sales_person`, `c2`.`active_inactive` as `matched_active_inactive`, `c2`.`created_at` as `matched_created_at`, `c2`.`updated_at` as `matched_updated_at`, `c2`.`last_confirmed_at` as `matched_last_confirmed_at`, `c2`.`cross_validation` as `matched_cross_validation`, `c2`.`session` as `matched_session`
FROM `matching_session` as `ms`
JOIN `company_data` `c1` ON `ms`.`company_id` = `c1`.`company_id`
JOIN `company_data` `c2` ON `ms`.`matching_company_id` = `c2`.`company_id`', [], false)
 5 APPPATH\Controllers\CrossValidation.php(80): CodeIgniter\Database\BaseBuilder->get()
 6 SYSTEMPATH\CodeIgniter.php(933): App\Controllers\CrossValidation->index()
 7 SYSTEMPATH\CodeIgniter.php(507): CodeIgniter\CodeIgniter->runController(Object(App\Controllers\CrossValidation))
 8 SYSTEMPATH\CodeIgniter.php(354): CodeIgniter\CodeIgniter->handleRequest(null, Object(Config\Cache), false)
 9 SYSTEMPATH\Boot.php(363): CodeIgniter\CodeIgniter->run()
10 SYSTEMPATH\Boot.php(68): CodeIgniter\Boot::runCodeIgniter(Object(CodeIgniter\CodeIgniter))
11 FCPATH\index.php(59): CodeIgniter\Boot::bootWeb(Object(Config\Paths))
CRITICAL - 2026-02-04 07:09:02 --> ErrorException: Undefined array key "orignal_crossvalidation"
[Method: GET, Route: crossvalidation]
in APPPATH\Views\crossvalidation\index.php on line 339.
 1 APPPATH\Views\crossvalidation\index.php(339): CodeIgniter\Debug\Exceptions->errorHandler(2, 'Undefined array key "orignal_crossvalidation"', 'C:\\xampp\\htdocs\\iitm\\central\\app\\Views\\crossvalidation\\index.php', 339)
 2 SYSTEMPATH\View\View.php(226): include('C:\\xampp\\htdocs\\iitm\\central\\app\\Views\\crossvalidation\\index.php')
 3 SYSTEMPATH\View\View.php(229): CodeIgniter\View\View->CodeIgniter\View\{closure}()
 4 SYSTEMPATH\Common.php(1199): CodeIgniter\View\View->render('crossvalidation/index', [], true)
 5 APPPATH\Controllers\CrossValidation.php(121): view('crossvalidation/index', [...])
 6 SYSTEMPATH\CodeIgniter.php(933): App\Controllers\CrossValidation->index()
 7 SYSTEMPATH\CodeIgniter.php(507): CodeIgniter\CodeIgniter->runController(Object(App\Controllers\CrossValidation))
 8 SYSTEMPATH\CodeIgniter.php(354): CodeIgniter\CodeIgniter->handleRequest(null, Object(Config\Cache), false)
 9 SYSTEMPATH\Boot.php(363): CodeIgniter\CodeIgniter->run()
10 SYSTEMPATH\Boot.php(68): CodeIgniter\Boot::runCodeIgniter(Object(CodeIgniter\CodeIgniter))
11 FCPATH\index.php(59): CodeIgniter\Boot::bootWeb(Object(Config\Paths))
CRITICAL - 2026-02-04 07:13:21 --> CodeIgniter\Database\Exceptions\DataException: There is no data to update.
[Method: POST, Route: crossvalidation/action]
in SYSTEMPATH\BaseModel.php on line 993.
 1 SYSTEMPATH\BaseModel.php(993): CodeIgniter\Database\Exceptions\DataException::forEmptyDataset('update')
 2 SYSTEMPATH\Model.php(860): CodeIgniter\BaseModel->update([...], [])
 3 APPPATH\Controllers\CrossValidation.php(472): CodeIgniter\Model->update('C1770184444593', [...])
 4 SYSTEMPATH\CodeIgniter.php(933): App\Controllers\CrossValidation->handleAction()
 5 SYSTEMPATH\CodeIgniter.php(507): CodeIgniter\CodeIgniter->runController(Object(App\Controllers\CrossValidation))
 6 SYSTEMPATH\CodeIgniter.php(354): CodeIgniter\CodeIgniter->handleRequest(null, Object(Config\Cache), false)
 7 SYSTEMPATH\Boot.php(363): CodeIgniter\CodeIgniter->run()
 8 SYSTEMPATH\Boot.php(68): CodeIgniter\Boot::runCodeIgniter(Object(CodeIgniter\CodeIgniter))
 9 FCPATH\index.php(59): CodeIgniter\Boot::bootWeb(Object(Config\Paths))
CRITICAL - 2026-02-04 07:15:02 --> CodeIgniter\Database\Exceptions\DataException: There is no data to update.
[Method: POST, Route: crossvalidation/action]
in SYSTEMPATH\BaseModel.php on line 993.
 1 SYSTEMPATH\BaseModel.php(993): CodeIgniter\Database\Exceptions\DataException::forEmptyDataset('update')
 2 SYSTEMPATH\Model.php(860): CodeIgniter\BaseModel->update(null, [])
 3 APPPATH\Controllers\CrossValidation.php(474): CodeIgniter\Model->update()
 4 SYSTEMPATH\CodeIgniter.php(933): App\Controllers\CrossValidation->handleAction()
 5 SYSTEMPATH\CodeIgniter.php(507): CodeIgniter\CodeIgniter->runController(Object(App\Controllers\CrossValidation))
 6 SYSTEMPATH\CodeIgniter.php(354): CodeIgniter\CodeIgniter->handleRequest(null, Object(Config\Cache), false)
 7 SYSTEMPATH\Boot.php(363): CodeIgniter\CodeIgniter->run()
 8 SYSTEMPATH\Boot.php(68): CodeIgniter\Boot::runCodeIgniter(Object(CodeIgniter\CodeIgniter))
 9 FCPATH\index.php(59): CodeIgniter\Boot::bootWeb(Object(Config\Paths))
CRITICAL - 2026-02-04 07:15:33 --> CodeIgniter\Database\Exceptions\DataException: There is no data to update.
[Method: POST, Route: crossvalidation/action]
in SYSTEMPATH\BaseModel.php on line 993.
 1 SYSTEMPATH\BaseModel.php(993): CodeIgniter\Database\Exceptions\DataException::forEmptyDataset('update')
 2 SYSTEMPATH\Model.php(860): CodeIgniter\BaseModel->update(null, [])
 3 APPPATH\Controllers\CrossValidation.php(474): CodeIgniter\Model->update()
 4 SYSTEMPATH\CodeIgniter.php(933): App\Controllers\CrossValidation->handleAction()
 5 SYSTEMPATH\CodeIgniter.php(507): CodeIgniter\CodeIgniter->runController(Object(App\Controllers\CrossValidation))
 6 SYSTEMPATH\CodeIgniter.php(354): CodeIgniter\CodeIgniter->handleRequest(null, Object(Config\Cache), false)
 7 SYSTEMPATH\Boot.php(363): CodeIgniter\CodeIgniter->run()
 8 SYSTEMPATH\Boot.php(68): CodeIgniter\Boot::runCodeIgniter(Object(CodeIgniter\CodeIgniter))
 9 FCPATH\index.php(59): CodeIgniter\Boot::bootWeb(Object(Config\Paths))
CRITICAL - 2026-02-04 07:16:49 --> CodeIgniter\Database\Exceptions\DataException: There is no data to update.
[Method: POST, Route: crossvalidation/action]
in SYSTEMPATH\BaseModel.php on line 993.
 1 SYSTEMPATH\BaseModel.php(993): CodeIgniter\Database\Exceptions\DataException::forEmptyDataset('update')
 2 SYSTEMPATH\Model.php(860): CodeIgniter\BaseModel->update(null, [])
 3 APPPATH\Controllers\CrossValidation.php(474): CodeIgniter\Model->update()
 4 SYSTEMPATH\CodeIgniter.php(933): App\Controllers\CrossValidation->handleAction()
 5 SYSTEMPATH\CodeIgniter.php(507): CodeIgniter\CodeIgniter->runController(Object(App\Controllers\CrossValidation))
 6 SYSTEMPATH\CodeIgniter.php(354): CodeIgniter\CodeIgniter->handleRequest(null, Object(Config\Cache), false)
 7 SYSTEMPATH\Boot.php(363): CodeIgniter\CodeIgniter->run()
 8 SYSTEMPATH\Boot.php(68): CodeIgniter\Boot::runCodeIgniter(Object(CodeIgniter\CodeIgniter))
 9 FCPATH\index.php(59): CodeIgniter\Boot::bootWeb(Object(Config\Paths))
CRITICAL - 2026-02-04 07:18:49 --> CodeIgniter\Database\Exceptions\DataException: There is no data to update.
[Method: POST, Route: crossvalidation/action]
in SYSTEMPATH\BaseModel.php on line 993.
 1 SYSTEMPATH\BaseModel.php(993): CodeIgniter\Database\Exceptions\DataException::forEmptyDataset('update')
 2 SYSTEMPATH\Model.php(860): CodeIgniter\BaseModel->update(null, [])
 3 APPPATH\Controllers\CrossValidation.php(474): CodeIgniter\Model->update()
 4 SYSTEMPATH\CodeIgniter.php(933): App\Controllers\CrossValidation->handleAction()
 5 SYSTEMPATH\CodeIgniter.php(507): CodeIgniter\CodeIgniter->runController(Object(App\Controllers\CrossValidation))
 6 SYSTEMPATH\CodeIgniter.php(354): CodeIgniter\CodeIgniter->handleRequest(null, Object(Config\Cache), false)
 7 SYSTEMPATH\Boot.php(363): CodeIgniter\CodeIgniter->run()
 8 SYSTEMPATH\Boot.php(68): CodeIgniter\Boot::runCodeIgniter(Object(CodeIgniter\CodeIgniter))
 9 FCPATH\index.php(59): CodeIgniter\Boot::bootWeb(Object(Config\Paths))
CRITICAL - 2026-02-04 08:19:50 --> ErrorException: Array to string conversion
[Method: POST, Route: crossvalidation/action]
in APPPATH\Controllers\CrossValidation.php on line 472.
 1 APPPATH\Controllers\CrossValidation.php(472): CodeIgniter\Debug\Exceptions->errorHandler(2, 'Array to string conversion', 'C:\\xampp\\htdocs\\iitm\\central\\app\\Controllers\\CrossValidation.php', 472)
 2 SYSTEMPATH\CodeIgniter.php(933): App\Controllers\CrossValidation->handleAction()
 3 SYSTEMPATH\CodeIgniter.php(507): CodeIgniter\CodeIgniter->runController(Object(App\Controllers\CrossValidation))
 4 SYSTEMPATH\CodeIgniter.php(354): CodeIgniter\CodeIgniter->handleRequest(null, Object(Config\Cache), false)
 5 SYSTEMPATH\Boot.php(363): CodeIgniter\CodeIgniter->run()
 6 SYSTEMPATH\Boot.php(68): CodeIgniter\Boot::runCodeIgniter(Object(CodeIgniter\CodeIgniter))
 7 FCPATH\index.php(59): CodeIgniter\Boot::bootWeb(Object(Config\Paths))
CRITICAL - 2026-02-04 08:21:10 --> ErrorException: Undefined array key "cross_validated"
[Method: GET, Route: crossvalidation/crossValidate]
in APPPATH\Controllers\CrossValidation.php on line 196.
 1 APPPATH\Controllers\CrossValidation.php(196): CodeIgniter\Debug\Exceptions->errorHandler(2, 'Undefined array key "cross_validated"', 'C:\\xampp\\htdocs\\iitm\\central\\app\\Controllers\\CrossValidation.php', 196)
 2 SYSTEMPATH\CodeIgniter.php(933): App\Controllers\CrossValidation->companyCrossValidation()
 3 SYSTEMPATH\CodeIgniter.php(507): CodeIgniter\CodeIgniter->runController(Object(App\Controllers\CrossValidation))
 4 SYSTEMPATH\CodeIgniter.php(354): CodeIgniter\CodeIgniter->handleRequest(null, Object(Config\Cache), false)
 5 SYSTEMPATH\Boot.php(363): CodeIgniter\CodeIgniter->run()
 6 SYSTEMPATH\Boot.php(68): CodeIgniter\Boot::runCodeIgniter(Object(CodeIgniter\CodeIgniter))
 7 FCPATH\index.php(59): CodeIgniter\Boot::bootWeb(Object(Config\Paths))
CRITICAL - 2026-02-04 08:33:12 --> CodeIgniter\Database\Exceptions\DataException: There is no data to update.
[Method: POST, Route: crossvalidation/action]
in SYSTEMPATH\BaseModel.php on line 993.
 1 SYSTEMPATH\BaseModel.php(993): CodeIgniter\Database\Exceptions\DataException::forEmptyDataset('update')
 2 SYSTEMPATH\Model.php(860): CodeIgniter\BaseModel->update(null, [])
 3 APPPATH\Controllers\CrossValidation.php(486): CodeIgniter\Model->update()
 4 SYSTEMPATH\CodeIgniter.php(933): App\Controllers\CrossValidation->handleAction()
 5 SYSTEMPATH\CodeIgniter.php(507): CodeIgniter\CodeIgniter->runController(Object(App\Controllers\CrossValidation))
 6 SYSTEMPATH\CodeIgniter.php(354): CodeIgniter\CodeIgniter->handleRequest(null, Object(Config\Cache), false)
 7 SYSTEMPATH\Boot.php(363): CodeIgniter\CodeIgniter->run()
 8 SYSTEMPATH\Boot.php(68): CodeIgniter\Boot::runCodeIgniter(Object(CodeIgniter\CodeIgniter))
 9 FCPATH\index.php(59): CodeIgniter\Boot::bootWeb(Object(Config\Paths))
CRITICAL - 2026-02-04 08:34:51 --> CodeIgniter\Database\Exceptions\DataException: There is no data to update.
[Method: POST, Route: crossvalidation/action]
in SYSTEMPATH\BaseModel.php on line 993.
 1 SYSTEMPATH\BaseModel.php(993): CodeIgniter\Database\Exceptions\DataException::forEmptyDataset('update')
 2 SYSTEMPATH\Model.php(860): CodeIgniter\BaseModel->update(null, [])
 3 APPPATH\Controllers\CrossValidation.php(486): CodeIgniter\Model->update()
 4 SYSTEMPATH\CodeIgniter.php(933): App\Controllers\CrossValidation->handleAction()
 5 SYSTEMPATH\CodeIgniter.php(507): CodeIgniter\CodeIgniter->runController(Object(App\Controllers\CrossValidation))
 6 SYSTEMPATH\CodeIgniter.php(354): CodeIgniter\CodeIgniter->handleRequest(null, Object(Config\Cache), false)
 7 SYSTEMPATH\Boot.php(363): CodeIgniter\CodeIgniter->run()
 8 SYSTEMPATH\Boot.php(68): CodeIgniter\Boot::runCodeIgniter(Object(CodeIgniter\CodeIgniter))
 9 FCPATH\index.php(59): CodeIgniter\Boot::bootWeb(Object(Config\Paths))
CRITICAL - 2026-02-04 08:34:57 --> CodeIgniter\Database\Exceptions\DataException: There is no data to update.
[Method: POST, Route: crossvalidation/action]
in SYSTEMPATH\BaseModel.php on line 993.
 1 SYSTEMPATH\BaseModel.php(993): CodeIgniter\Database\Exceptions\DataException::forEmptyDataset('update')
 2 SYSTEMPATH\Model.php(860): CodeIgniter\BaseModel->update(null, [])
 3 APPPATH\Controllers\CrossValidation.php(486): CodeIgniter\Model->update()
 4 SYSTEMPATH\CodeIgniter.php(933): App\Controllers\CrossValidation->handleAction()
 5 SYSTEMPATH\CodeIgniter.php(507): CodeIgniter\CodeIgniter->runController(Object(App\Controllers\CrossValidation))
 6 SYSTEMPATH\CodeIgniter.php(354): CodeIgniter\CodeIgniter->handleRequest(null, Object(Config\Cache), false)
 7 SYSTEMPATH\Boot.php(363): CodeIgniter\CodeIgniter->run()
 8 SYSTEMPATH\Boot.php(68): CodeIgniter\Boot::runCodeIgniter(Object(CodeIgniter\CodeIgniter))
 9 FCPATH\index.php(59): CodeIgniter\Boot::bootWeb(Object(Config\Paths))
CRITICAL - 2026-02-04 08:49:35 --> CodeIgniter\Database\Exceptions\DataException: There is no data to update.
[Method: POST, Route: crossvalidation/action]
in SYSTEMPATH\BaseModel.php on line 993.
 1 SYSTEMPATH\BaseModel.php(993): CodeIgniter\Database\Exceptions\DataException::forEmptyDataset('update')
 2 SYSTEMPATH\Model.php(860): CodeIgniter\BaseModel->update(null, [])
 3 APPPATH\Controllers\CrossValidation.php(481): CodeIgniter\Model->update()
 4 SYSTEMPATH\CodeIgniter.php(933): App\Controllers\CrossValidation->handleAction()
 5 SYSTEMPATH\CodeIgniter.php(507): CodeIgniter\CodeIgniter->runController(Object(App\Controllers\CrossValidation))
 6 SYSTEMPATH\CodeIgniter.php(354): CodeIgniter\CodeIgniter->handleRequest(null, Object(Config\Cache), false)
 7 SYSTEMPATH\Boot.php(363): CodeIgniter\CodeIgniter->run()
 8 SYSTEMPATH\Boot.php(68): CodeIgniter\Boot::runCodeIgniter(Object(CodeIgniter\CodeIgniter))
 9 FCPATH\index.php(59): CodeIgniter\Boot::bootWeb(Object(Config\Paths))
CRITICAL - 2026-02-04 08:50:57 --> CodeIgniter\Database\Exceptions\DataException: There is no data to update.
[Method: POST, Route: crossvalidation/action]
in SYSTEMPATH\BaseModel.php on line 993.
 1 SYSTEMPATH\BaseModel.php(993): CodeIgniter\Database\Exceptions\DataException::forEmptyDataset('update')
 2 SYSTEMPATH\Model.php(860): CodeIgniter\BaseModel->update(null, [])
 3 APPPATH\Controllers\CrossValidation.php(481): CodeIgniter\Model->update()
 4 SYSTEMPATH\CodeIgniter.php(933): App\Controllers\CrossValidation->handleAction()
 5 SYSTEMPATH\CodeIgniter.php(507): CodeIgniter\CodeIgniter->runController(Object(App\Controllers\CrossValidation))
 6 SYSTEMPATH\CodeIgniter.php(354): CodeIgniter\CodeIgniter->handleRequest(null, Object(Config\Cache), false)
 7 SYSTEMPATH\Boot.php(363): CodeIgniter\CodeIgniter->run()
 8 SYSTEMPATH\Boot.php(68): CodeIgniter\Boot::runCodeIgniter(Object(CodeIgniter\CodeIgniter))
 9 FCPATH\index.php(59): CodeIgniter\Boot::bootWeb(Object(Config\Paths))
CRITICAL - 2026-02-04 08:51:44 --> ErrorException: Undefined variable $updated
[Method: POST, Route: crossvalidation/action]
in APPPATH\Controllers\CrossValidation.php on line 483.
 1 APPPATH\Controllers\CrossValidation.php(483): CodeIgniter\Debug\Exceptions->errorHandler(2, 'Undefined variable $updated', 'C:\\xampp\\htdocs\\iitm\\central\\app\\Controllers\\CrossValidation.php', 483)
 2 SYSTEMPATH\CodeIgniter.php(933): App\Controllers\CrossValidation->handleAction()
 3 SYSTEMPATH\CodeIgniter.php(507): CodeIgniter\CodeIgniter->runController(Object(App\Controllers\CrossValidation))
 4 SYSTEMPATH\CodeIgniter.php(354): CodeIgniter\CodeIgniter->handleRequest(null, Object(Config\Cache), false)
 5 SYSTEMPATH\Boot.php(363): CodeIgniter\CodeIgniter->run()
 6 SYSTEMPATH\Boot.php(68): CodeIgniter\Boot::runCodeIgniter(Object(CodeIgniter\CodeIgniter))
 7 FCPATH\index.php(59): CodeIgniter\Boot::bootWeb(Object(Config\Paths))
ERROR - 2026-02-04 09:40:08 --> mysqli_sql_exception: Duplicate entry 'C1770198008227' for key 'company_id' in C:\xampp\htdocs\iitm\central\vendor\codeigniter4\framework\system\Database\MySQLi\Connection.php:327
Stack trace:
#0 C:\xampp\htdocs\iitm\central\vendor\codeigniter4\framework\system\Database\MySQLi\Connection.php(327): mysqli->query('INSERT INTO `co...', 0)
#1 C:\xampp\htdocs\iitm\central\vendor\codeigniter4\framework\system\Database\BaseConnection.php(729): CodeIgniter\Database\MySQLi\Connection->execute('INSERT INTO `co...')
#2 C:\xampp\htdocs\iitm\central\vendor\codeigniter4\framework\system\Database\BaseConnection.php(646): CodeIgniter\Database\BaseConnection->simpleQuery('INSERT INTO `co...')
#3 C:\xampp\htdocs\iitm\central\vendor\codeigniter4\framework\system\Database\BaseBuilder.php(2345): CodeIgniter\Database\BaseConnection->query('INSERT INTO `co...', Array, false)
#4 C:\xampp\htdocs\iitm\central\vendor\codeigniter4\framework\system\Model.php(394): CodeIgniter\Database\BaseBuilder->insert()
#5 C:\xampp\htdocs\iitm\central\vendor\codeigniter4\framework\system\BaseModel.php(838): CodeIgniter\Model->doInsert(Array)
#6 C:\xampp\htdocs\iitm\central\vendor\codeigniter4\framework\system\Model.php(797): CodeIgniter\BaseModel->insert(Array, true)
#7 C:\xampp\htdocs\iitm\central\app\Controllers\Company.php(193): CodeIgniter\Model->insert(Array)
#8 C:\xampp\htdocs\iitm\central\vendor\codeigniter4\framework\system\CodeIgniter.php(933): App\Controllers\Company->add_details()
#9 C:\xampp\htdocs\iitm\central\vendor\codeigniter4\framework\system\CodeIgniter.php(507): CodeIgniter\CodeIgniter->runController(Object(App\Controllers\Company))
#10 C:\xampp\htdocs\iitm\central\vendor\codeigniter4\framework\system\CodeIgniter.php(354): CodeIgniter\CodeIgniter->handleRequest(NULL, Object(Config\Cache), false)
#11 C:\xampp\htdocs\iitm\central\vendor\codeigniter4\framework\system\Boot.php(363): CodeIgniter\CodeIgniter->run()
#12 C:\xampp\htdocs\iitm\central\vendor\codeigniter4\framework\system\Boot.php(68): CodeIgniter\Boot::runCodeIgniter(Object(CodeIgniter\CodeIgniter))
#13 C:\xampp\htdocs\iitm\central\index.php(59): CodeIgniter\Boot::bootWeb(Object(Config\Paths))
#14 {main}
ERROR - 2026-02-04 09:40:08 --> Company Club TraValet failed: Duplicate entry 'C1770198008227' for key 'company_id'
ERROR - 2026-02-04 09:40:08 --> mysqli_sql_exception: Duplicate entry 'C1770198008270' for key 'company_id' in C:\xampp\htdocs\iitm\central\vendor\codeigniter4\framework\system\Database\MySQLi\Connection.php:327
Stack trace:
#0 C:\xampp\htdocs\iitm\central\vendor\codeigniter4\framework\system\Database\MySQLi\Connection.php(327): mysqli->query('INSERT INTO `co...', 0)
#1 C:\xampp\htdocs\iitm\central\vendor\codeigniter4\framework\system\Database\BaseConnection.php(729): CodeIgniter\Database\MySQLi\Connection->execute('INSERT INTO `co...')
#2 C:\xampp\htdocs\iitm\central\vendor\codeigniter4\framework\system\Database\BaseConnection.php(646): CodeIgniter\Database\BaseConnection->simpleQuery('INSERT INTO `co...')
#3 C:\xampp\htdocs\iitm\central\vendor\codeigniter4\framework\system\Database\BaseBuilder.php(2345): CodeIgniter\Database\BaseConnection->query('INSERT INTO `co...', Array, false)
#4 C:\xampp\htdocs\iitm\central\vendor\codeigniter4\framework\system\Model.php(394): CodeIgniter\Database\BaseBuilder->insert()
#5 C:\xampp\htdocs\iitm\central\vendor\codeigniter4\framework\system\BaseModel.php(838): CodeIgniter\Model->doInsert(Array)
#6 C:\xampp\htdocs\iitm\central\vendor\codeigniter4\framework\system\Model.php(797): CodeIgniter\BaseModel->insert(Array, true)
#7 C:\xampp\htdocs\iitm\central\app\Controllers\Company.php(193): CodeIgniter\Model->insert(Array)
#8 C:\xampp\htdocs\iitm\central\vendor\codeigniter4\framework\system\CodeIgniter.php(933): App\Controllers\Company->add_details()
#9 C:\xampp\htdocs\iitm\central\vendor\codeigniter4\framework\system\CodeIgniter.php(507): CodeIgniter\CodeIgniter->runController(Object(App\Controllers\Company))
#10 C:\xampp\htdocs\iitm\central\vendor\codeigniter4\framework\system\CodeIgniter.php(354): CodeIgniter\CodeIgniter->handleRequest(NULL, Object(Config\Cache), false)
#11 C:\xampp\htdocs\iitm\central\vendor\codeigniter4\framework\system\Boot.php(363): CodeIgniter\CodeIgniter->run()
#12 C:\xampp\htdocs\iitm\central\vendor\codeigniter4\framework\system\Boot.php(68): CodeIgniter\Boot::runCodeIgniter(Object(CodeIgniter\CodeIgniter))
#13 C:\xampp\htdocs\iitm\central\index.php(59): CodeIgniter\Boot::bootWeb(Object(Config\Paths))
#14 {main}
ERROR - 2026-02-04 09:40:08 --> Company Eden Group Of Hotels failed: Duplicate entry 'C1770198008270' for key 'company_id'
ERROR - 2026-02-04 09:40:08 --> mysqli_sql_exception: Duplicate entry 'C1770198008634' for key 'company_id' in C:\xampp\htdocs\iitm\central\vendor\codeigniter4\framework\system\Database\MySQLi\Connection.php:327
Stack trace:
#0 C:\xampp\htdocs\iitm\central\vendor\codeigniter4\framework\system\Database\MySQLi\Connection.php(327): mysqli->query('INSERT INTO `co...', 0)
#1 C:\xampp\htdocs\iitm\central\vendor\codeigniter4\framework\system\Database\BaseConnection.php(729): CodeIgniter\Database\MySQLi\Connection->execute('INSERT INTO `co...')
#2 C:\xampp\htdocs\iitm\central\vendor\codeigniter4\framework\system\Database\BaseConnection.php(646): CodeIgniter\Database\BaseConnection->simpleQuery('INSERT INTO `co...')
#3 C:\xampp\htdocs\iitm\central\vendor\codeigniter4\framework\system\Database\BaseBuilder.php(2345): CodeIgniter\Database\BaseConnection->query('INSERT INTO `co...', Array, false)
#4 C:\xampp\htdocs\iitm\central\vendor\codeigniter4\framework\system\Model.php(394): CodeIgniter\Database\BaseBuilder->insert()
#5 C:\xampp\htdocs\iitm\central\vendor\codeigniter4\framework\system\BaseModel.php(838): CodeIgniter\Model->doInsert(Array)
#6 C:\xampp\htdocs\iitm\central\vendor\codeigniter4\framework\system\Model.php(797): CodeIgniter\BaseModel->insert(Array, true)
#7 C:\xampp\htdocs\iitm\central\app\Controllers\Company.php(193): CodeIgniter\Model->insert(Array)
#8 C:\xampp\htdocs\iitm\central\vendor\codeigniter4\framework\system\CodeIgniter.php(933): App\Controllers\Company->add_details()
#9 C:\xampp\htdocs\iitm\central\vendor\codeigniter4\framework\system\CodeIgniter.php(507): CodeIgniter\CodeIgniter->runController(Object(App\Controllers\Company))
#10 C:\xampp\htdocs\iitm\central\vendor\codeigniter4\framework\system\CodeIgniter.php(354): CodeIgniter\CodeIgniter->handleRequest(NULL, Object(Config\Cache), false)
#11 C:\xampp\htdocs\iitm\central\vendor\codeigniter4\framework\system\Boot.php(363): CodeIgniter\CodeIgniter->run()
#12 C:\xampp\htdocs\iitm\central\vendor\codeigniter4\framework\system\Boot.php(68): CodeIgniter\Boot::runCodeIgniter(Object(CodeIgniter\CodeIgniter))
#13 C:\xampp\htdocs\iitm\central\index.php(59): CodeIgniter\Boot::bootWeb(Object(Config\Paths))
#14 {main}
ERROR - 2026-02-04 09:40:08 --> Company Fun Holiday Tours & Travel SDN BHD failed: Duplicate entry 'C1770198008634' for key 'company_id'
ERROR - 2026-02-04 09:40:08 --> mysqli_sql_exception: Duplicate entry 'C1770198008908' for key 'company_id' in C:\xampp\htdocs\iitm\central\vendor\codeigniter4\framework\system\Database\MySQLi\Connection.php:327
Stack trace:
#0 C:\xampp\htdocs\iitm\central\vendor\codeigniter4\framework\system\Database\MySQLi\Connection.php(327): mysqli->query('INSERT INTO `co...', 0)
#1 C:\xampp\htdocs\iitm\central\vendor\codeigniter4\framework\system\Database\BaseConnection.php(729): CodeIgniter\Database\MySQLi\Connection->execute('INSERT INTO `co...')
#2 C:\xampp\htdocs\iitm\central\vendor\codeigniter4\framework\system\Database\BaseConnection.php(646): CodeIgniter\Database\BaseConnection->simpleQuery('INSERT INTO `co...')
#3 C:\xampp\htdocs\iitm\central\vendor\codeigniter4\framework\system\Database\BaseBuilder.php(2345): CodeIgniter\Database\BaseConnection->query('INSERT INTO `co...', Array, false)
#4 C:\xampp\htdocs\iitm\central\vendor\codeigniter4\framework\system\Model.php(394): CodeIgniter\Database\BaseBuilder->insert()
#5 C:\xampp\htdocs\iitm\central\vendor\codeigniter4\framework\system\BaseModel.php(838): CodeIgniter\Model->doInsert(Array)
#6 C:\xampp\htdocs\iitm\central\vendor\codeigniter4\framework\system\Model.php(797): CodeIgniter\BaseModel->insert(Array, true)
#7 C:\xampp\htdocs\iitm\central\app\Controllers\Company.php(193): CodeIgniter\Model->insert(Array)
#8 C:\xampp\htdocs\iitm\central\vendor\codeigniter4\framework\system\CodeIgniter.php(933): App\Controllers\Company->add_details()
#9 C:\xampp\htdocs\iitm\central\vendor\codeigniter4\framework\system\CodeIgniter.php(507): CodeIgniter\CodeIgniter->runController(Object(App\Controllers\Company))
#10 C:\xampp\htdocs\iitm\central\vendor\codeigniter4\framework\system\CodeIgniter.php(354): CodeIgniter\CodeIgniter->handleRequest(NULL, Object(Config\Cache), false)
#11 C:\xampp\htdocs\iitm\central\vendor\codeigniter4\framework\system\Boot.php(363): CodeIgniter\CodeIgniter->run()
#12 C:\xampp\htdocs\iitm\central\vendor\codeigniter4\framework\system\Boot.php(68): CodeIgniter\Boot::runCodeIgniter(Object(CodeIgniter\CodeIgniter))
#13 C:\xampp\htdocs\iitm\central\index.php(59): CodeIgniter\Boot::bootWeb(Object(Config\Paths))
#14 {main}
ERROR - 2026-02-04 09:40:08 --> Company Odisha Vacations Services Pvt.Ltd failed: Duplicate entry 'C1770198008908' for key 'company_id'
ERROR - 2026-02-04 09:40:08 --> mysqli_sql_exception: Duplicate entry 'C1770198008303' for key 'company_id' in C:\xampp\htdocs\iitm\central\vendor\codeigniter4\framework\system\Database\MySQLi\Connection.php:327
Stack trace:
#0 C:\xampp\htdocs\iitm\central\vendor\codeigniter4\framework\system\Database\MySQLi\Connection.php(327): mysqli->query('INSERT INTO `co...', 0)
#1 C:\xampp\htdocs\iitm\central\vendor\codeigniter4\framework\system\Database\BaseConnection.php(729): CodeIgniter\Database\MySQLi\Connection->execute('INSERT INTO `co...')
#2 C:\xampp\htdocs\iitm\central\vendor\codeigniter4\framework\system\Database\BaseConnection.php(646): CodeIgniter\Database\BaseConnection->simpleQuery('INSERT INTO `co...')
#3 C:\xampp\htdocs\iitm\central\vendor\codeigniter4\framework\system\Database\BaseBuilder.php(2345): CodeIgniter\Database\BaseConnection->query('INSERT INTO `co...', Array, false)
#4 C:\xampp\htdocs\iitm\central\vendor\codeigniter4\framework\system\Model.php(394): CodeIgniter\Database\BaseBuilder->insert()
#5 C:\xampp\htdocs\iitm\central\vendor\codeigniter4\framework\system\BaseModel.php(838): CodeIgniter\Model->doInsert(Array)
#6 C:\xampp\htdocs\iitm\central\vendor\codeigniter4\framework\system\Model.php(797): CodeIgniter\BaseModel->insert(Array, true)
#7 C:\xampp\htdocs\iitm\central\app\Controllers\Company.php(193): CodeIgniter\Model->insert(Array)
#8 C:\xampp\htdocs\iitm\central\vendor\codeigniter4\framework\system\CodeIgniter.php(933): App\Controllers\Company->add_details()
#9 C:\xampp\htdocs\iitm\central\vendor\codeigniter4\framework\system\CodeIgniter.php(507): CodeIgniter\CodeIgniter->runController(Object(App\Controllers\Company))
#10 C:\xampp\htdocs\iitm\central\vendor\codeigniter4\framework\system\CodeIgniter.php(354): CodeIgniter\CodeIgniter->handleRequest(NULL, Object(Config\Cache), false)
#11 C:\xampp\htdocs\iitm\central\vendor\codeigniter4\framework\system\Boot.php(363): CodeIgniter\CodeIgniter->run()
#12 C:\xampp\htdocs\iitm\central\vendor\codeigniter4\framework\system\Boot.php(68): CodeIgniter\Boot::runCodeIgniter(Object(CodeIgniter\CodeIgniter))
#13 C:\xampp\htdocs\iitm\central\index.php(59): CodeIgniter\Boot::bootWeb(Object(Config\Paths))
#14 {main}
ERROR - 2026-02-04 09:40:08 --> Company Punjab Tourism / Himachal Tourism failed: Duplicate entry 'C1770198008303' for key 'company_id'
ERROR - 2026-02-04 09:40:08 --> mysqli_sql_exception: Duplicate entry 'C1770198008371' for key 'company_id' in C:\xampp\htdocs\iitm\central\vendor\codeigniter4\framework\system\Database\MySQLi\Connection.php:327
Stack trace:
#0 C:\xampp\htdocs\iitm\central\vendor\codeigniter4\framework\system\Database\MySQLi\Connection.php(327): mysqli->query('INSERT INTO `co...', 0)
#1 C:\xampp\htdocs\iitm\central\vendor\codeigniter4\framework\system\Database\BaseConnection.php(729): CodeIgniter\Database\MySQLi\Connection->execute('INSERT INTO `co...')
#2 C:\xampp\htdocs\iitm\central\vendor\codeigniter4\framework\system\Database\BaseConnection.php(646): CodeIgniter\Database\BaseConnection->simpleQuery('INSERT INTO `co...')
#3 C:\xampp\htdocs\iitm\central\vendor\codeigniter4\framework\system\Database\BaseBuilder.php(2345): CodeIgniter\Database\BaseConnection->query('INSERT INTO `co...', Array, false)
#4 C:\xampp\htdocs\iitm\central\vendor\codeigniter4\framework\system\Model.php(394): CodeIgniter\Database\BaseBuilder->insert()
#5 C:\xampp\htdocs\iitm\central\vendor\codeigniter4\framework\system\BaseModel.php(838): CodeIgniter\Model->doInsert(Array)
#6 C:\xampp\htdocs\iitm\central\vendor\codeigniter4\framework\system\Model.php(797): CodeIgniter\BaseModel->insert(Array, true)
#7 C:\xampp\htdocs\iitm\central\app\Controllers\Company.php(193): CodeIgniter\Model->insert(Array)
#8 C:\xampp\htdocs\iitm\central\vendor\codeigniter4\framework\system\CodeIgniter.php(933): App\Controllers\Company->add_details()
#9 C:\xampp\htdocs\iitm\central\vendor\codeigniter4\framework\system\CodeIgniter.php(507): CodeIgniter\CodeIgniter->runController(Object(App\Controllers\Company))
#10 C:\xampp\htdocs\iitm\central\vendor\codeigniter4\framework\system\CodeIgniter.php(354): CodeIgniter\CodeIgniter->handleRequest(NULL, Object(Config\Cache), false)
#11 C:\xampp\htdocs\iitm\central\vendor\codeigniter4\framework\system\Boot.php(363): CodeIgniter\CodeIgniter->run()
#12 C:\xampp\htdocs\iitm\central\vendor\codeigniter4\framework\system\Boot.php(68): CodeIgniter\Boot::runCodeIgniter(Object(CodeIgniter\CodeIgniter))
#13 C:\xampp\htdocs\iitm\central\index.php(59): CodeIgniter\Boot::bootWeb(Object(Config\Paths))
#14 {main}
ERROR - 2026-02-04 09:40:08 --> Company Rajasthan  Xperts failed: Duplicate entry 'C1770198008371' for key 'company_id'
ERROR - 2026-02-04 09:40:09 --> mysqli_sql_exception: Duplicate entry 'C1770198009661' for key 'company_id' in C:\xampp\htdocs\iitm\central\vendor\codeigniter4\framework\system\Database\MySQLi\Connection.php:327
Stack trace:
#0 C:\xampp\htdocs\iitm\central\vendor\codeigniter4\framework\system\Database\MySQLi\Connection.php(327): mysqli->query('INSERT INTO `co...', 0)
#1 C:\xampp\htdocs\iitm\central\vendor\codeigniter4\framework\system\Database\BaseConnection.php(729): CodeIgniter\Database\MySQLi\Connection->execute('INSERT INTO `co...')
#2 C:\xampp\htdocs\iitm\central\vendor\codeigniter4\framework\system\Database\BaseConnection.php(646): CodeIgniter\Database\BaseConnection->simpleQuery('INSERT INTO `co...')
#3 C:\xampp\htdocs\iitm\central\vendor\codeigniter4\framework\system\Database\BaseBuilder.php(2345): CodeIgniter\Database\BaseConnection->query('INSERT INTO `co...', Array, false)
#4 C:\xampp\htdocs\iitm\central\vendor\codeigniter4\framework\system\Model.php(394): CodeIgniter\Database\BaseBuilder->insert()
#5 C:\xampp\htdocs\iitm\central\vendor\codeigniter4\framework\system\BaseModel.php(838): CodeIgniter\Model->doInsert(Array)
#6 C:\xampp\htdocs\iitm\central\vendor\codeigniter4\framework\system\Model.php(797): CodeIgniter\BaseModel->insert(Array, true)
#7 C:\xampp\htdocs\iitm\central\app\Controllers\Company.php(193): CodeIgniter\Model->insert(Array)
#8 C:\xampp\htdocs\iitm\central\vendor\codeigniter4\framework\system\CodeIgniter.php(933): App\Controllers\Company->add_details()
#9 C:\xampp\htdocs\iitm\central\vendor\codeigniter4\framework\system\CodeIgniter.php(507): CodeIgniter\CodeIgniter->runController(Object(App\Controllers\Company))
#10 C:\xampp\htdocs\iitm\central\vendor\codeigniter4\framework\system\CodeIgniter.php(354): CodeIgniter\CodeIgniter->handleRequest(NULL, Object(Config\Cache), false)
#11 C:\xampp\htdocs\iitm\central\vendor\codeigniter4\framework\system\Boot.php(363): CodeIgniter\CodeIgniter->run()
#12 C:\xampp\htdocs\iitm\central\vendor\codeigniter4\framework\system\Boot.php(68): CodeIgniter\Boot::runCodeIgniter(Object(CodeIgniter\CodeIgniter))
#13 C:\xampp\htdocs\iitm\central\index.php(59): CodeIgniter\Boot::bootWeb(Object(Config\Paths))
#14 {main}
ERROR - 2026-02-04 09:40:09 --> Company Travelbee Holiday Tours failed: Duplicate entry 'C1770198009661' for key 'company_id'
ERROR - 2026-02-04 10:42:33 --> mysqli_sql_exception: Duplicate entry 'C1770201753574' for key 'company_id' in C:\xampp\htdocs\iitm\central\vendor\codeigniter4\framework\system\Database\MySQLi\Connection.php:327
Stack trace:
#0 C:\xampp\htdocs\iitm\central\vendor\codeigniter4\framework\system\Database\MySQLi\Connection.php(327): mysqli->query('INSERT INTO `co...', 0)
#1 C:\xampp\htdocs\iitm\central\vendor\codeigniter4\framework\system\Database\BaseConnection.php(729): CodeIgniter\Database\MySQLi\Connection->execute('INSERT INTO `co...')
#2 C:\xampp\htdocs\iitm\central\vendor\codeigniter4\framework\system\Database\BaseConnection.php(646): CodeIgniter\Database\BaseConnection->simpleQuery('INSERT INTO `co...')
#3 C:\xampp\htdocs\iitm\central\vendor\codeigniter4\framework\system\Database\BaseBuilder.php(2345): CodeIgniter\Database\BaseConnection->query('INSERT INTO `co...', Array, false)
#4 C:\xampp\htdocs\iitm\central\vendor\codeigniter4\framework\system\Model.php(394): CodeIgniter\Database\BaseBuilder->insert()
#5 C:\xampp\htdocs\iitm\central\vendor\codeigniter4\framework\system\BaseModel.php(838): CodeIgniter\Model->doInsert(Array)
#6 C:\xampp\htdocs\iitm\central\vendor\codeigniter4\framework\system\Model.php(797): CodeIgniter\BaseModel->insert(Array, true)
#7 C:\xampp\htdocs\iitm\central\app\Controllers\Company.php(193): CodeIgniter\Model->insert(Array)
#8 C:\xampp\htdocs\iitm\central\vendor\codeigniter4\framework\system\CodeIgniter.php(933): App\Controllers\Company->add_details()
#9 C:\xampp\htdocs\iitm\central\vendor\codeigniter4\framework\system\CodeIgniter.php(507): CodeIgniter\CodeIgniter->runController(Object(App\Controllers\Company))
#10 C:\xampp\htdocs\iitm\central\vendor\codeigniter4\framework\system\CodeIgniter.php(354): CodeIgniter\CodeIgniter->handleRequest(NULL, Object(Config\Cache), false)
#11 C:\xampp\htdocs\iitm\central\vendor\codeigniter4\framework\system\Boot.php(363): CodeIgniter\CodeIgniter->run()
#12 C:\xampp\htdocs\iitm\central\vendor\codeigniter4\framework\system\Boot.php(68): CodeIgniter\Boot::runCodeIgniter(Object(CodeIgniter\CodeIgniter))
#13 C:\xampp\htdocs\iitm\central\index.php(59): CodeIgniter\Boot::bootWeb(Object(Config\Paths))
#14 {main}
ERROR - 2026-02-04 10:42:33 --> Company Fun Holiday Tours & Travel SDN BHD failed: Duplicate entry 'C1770201753574' for key 'company_id'
ERROR - 2026-02-04 10:42:33 --> mysqli_sql_exception: Duplicate entry 'C1770201753952' for key 'company_id' in C:\xampp\htdocs\iitm\central\vendor\codeigniter4\framework\system\Database\MySQLi\Connection.php:327
Stack trace:
#0 C:\xampp\htdocs\iitm\central\vendor\codeigniter4\framework\system\Database\MySQLi\Connection.php(327): mysqli->query('INSERT INTO `co...', 0)
#1 C:\xampp\htdocs\iitm\central\vendor\codeigniter4\framework\system\Database\BaseConnection.php(729): CodeIgniter\Database\MySQLi\Connection->execute('INSERT INTO `co...')
#2 C:\xampp\htdocs\iitm\central\vendor\codeigniter4\framework\system\Database\BaseConnection.php(646): CodeIgniter\Database\BaseConnection->simpleQuery('INSERT INTO `co...')
#3 C:\xampp\htdocs\iitm\central\vendor\codeigniter4\framework\system\Database\BaseBuilder.php(2345): CodeIgniter\Database\BaseConnection->query('INSERT INTO `co...', Array, false)
#4 C:\xampp\htdocs\iitm\central\vendor\codeigniter4\framework\system\Model.php(394): CodeIgniter\Database\BaseBuilder->insert()
#5 C:\xampp\htdocs\iitm\central\vendor\codeigniter4\framework\system\BaseModel.php(838): CodeIgniter\Model->doInsert(Array)
#6 C:\xampp\htdocs\iitm\central\vendor\codeigniter4\framework\system\Model.php(797): CodeIgniter\BaseModel->insert(Array, true)
#7 C:\xampp\htdocs\iitm\central\app\Controllers\Company.php(193): CodeIgniter\Model->insert(Array)
#8 C:\xampp\htdocs\iitm\central\vendor\codeigniter4\framework\system\CodeIgniter.php(933): App\Controllers\Company->add_details()
#9 C:\xampp\htdocs\iitm\central\vendor\codeigniter4\framework\system\CodeIgniter.php(507): CodeIgniter\CodeIgniter->runController(Object(App\Controllers\Company))
#10 C:\xampp\htdocs\iitm\central\vendor\codeigniter4\framework\system\CodeIgniter.php(354): CodeIgniter\CodeIgniter->handleRequest(NULL, Object(Config\Cache), false)
#11 C:\xampp\htdocs\iitm\central\vendor\codeigniter4\framework\system\Boot.php(363): CodeIgniter\CodeIgniter->run()
#12 C:\xampp\htdocs\iitm\central\vendor\codeigniter4\framework\system\Boot.php(68): CodeIgniter\Boot::runCodeIgniter(Object(CodeIgniter\CodeIgniter))
#13 C:\xampp\htdocs\iitm\central\index.php(59): CodeIgniter\Boot::bootWeb(Object(Config\Paths))
#14 {main}
ERROR - 2026-02-04 10:42:33 --> Company Joy Andaman Travels & Holidays failed: Duplicate entry 'C1770201753952' for key 'company_id'
ERROR - 2026-02-04 10:42:33 --> mysqli_sql_exception: Duplicate entry 'C1770201753119' for key 'company_id' in C:\xampp\htdocs\iitm\central\vendor\codeigniter4\framework\system\Database\MySQLi\Connection.php:327
Stack trace:
#0 C:\xampp\htdocs\iitm\central\vendor\codeigniter4\framework\system\Database\MySQLi\Connection.php(327): mysqli->query('INSERT INTO `co...', 0)
#1 C:\xampp\htdocs\iitm\central\vendor\codeigniter4\framework\system\Database\BaseConnection.php(729): CodeIgniter\Database\MySQLi\Connection->execute('INSERT INTO `co...')
#2 C:\xampp\htdocs\iitm\central\vendor\codeigniter4\framework\system\Database\BaseConnection.php(646): CodeIgniter\Database\BaseConnection->simpleQuery('INSERT INTO `co...')
#3 C:\xampp\htdocs\iitm\central\vendor\codeigniter4\framework\system\Database\BaseBuilder.php(2345): CodeIgniter\Database\BaseConnection->query('INSERT INTO `co...', Array, false)
#4 C:\xampp\htdocs\iitm\central\vendor\codeigniter4\framework\system\Model.php(394): CodeIgniter\Database\BaseBuilder->insert()
#5 C:\xampp\htdocs\iitm\central\vendor\codeigniter4\framework\system\BaseModel.php(838): CodeIgniter\Model->doInsert(Array)
#6 C:\xampp\htdocs\iitm\central\vendor\codeigniter4\framework\system\Model.php(797): CodeIgniter\BaseModel->insert(Array, true)
#7 C:\xampp\htdocs\iitm\central\app\Controllers\Company.php(193): CodeIgniter\Model->insert(Array)
#8 C:\xampp\htdocs\iitm\central\vendor\codeigniter4\framework\system\CodeIgniter.php(933): App\Controllers\Company->add_details()
#9 C:\xampp\htdocs\iitm\central\vendor\codeigniter4\framework\system\CodeIgniter.php(507): CodeIgniter\CodeIgniter->runController(Object(App\Controllers\Company))
#10 C:\xampp\htdocs\iitm\central\vendor\codeigniter4\framework\system\CodeIgniter.php(354): CodeIgniter\CodeIgniter->handleRequest(NULL, Object(Config\Cache), false)
#11 C:\xampp\htdocs\iitm\central\vendor\codeigniter4\framework\system\Boot.php(363): CodeIgniter\CodeIgniter->run()
#12 C:\xampp\htdocs\iitm\central\vendor\codeigniter4\framework\system\Boot.php(68): CodeIgniter\Boot::runCodeIgniter(Object(CodeIgniter\CodeIgniter))
#13 C:\xampp\htdocs\iitm\central\index.php(59): CodeIgniter\Boot::bootWeb(Object(Config\Paths))
#14 {main}
ERROR - 2026-02-04 10:42:33 --> Company Kashmir Fiza Tour & Travel failed: Duplicate entry 'C1770201753119' for key 'company_id'
ERROR - 2026-02-04 10:42:33 --> mysqli_sql_exception: Duplicate entry 'C1770201753898' for key 'company_id' in C:\xampp\htdocs\iitm\central\vendor\codeigniter4\framework\system\Database\MySQLi\Connection.php:327
Stack trace:
#0 C:\xampp\htdocs\iitm\central\vendor\codeigniter4\framework\system\Database\MySQLi\Connection.php(327): mysqli->query('INSERT INTO `co...', 0)
#1 C:\xampp\htdocs\iitm\central\vendor\codeigniter4\framework\system\Database\BaseConnection.php(729): CodeIgniter\Database\MySQLi\Connection->execute('INSERT INTO `co...')
#2 C:\xampp\htdocs\iitm\central\vendor\codeigniter4\framework\system\Database\BaseConnection.php(646): CodeIgniter\Database\BaseConnection->simpleQuery('INSERT INTO `co...')
#3 C:\xampp\htdocs\iitm\central\vendor\codeigniter4\framework\system\Database\BaseBuilder.php(2345): CodeIgniter\Database\BaseConnection->query('INSERT INTO `co...', Array, false)
#4 C:\xampp\htdocs\iitm\central\vendor\codeigniter4\framework\system\Model.php(394): CodeIgniter\Database\BaseBuilder->insert()
#5 C:\xampp\htdocs\iitm\central\vendor\codeigniter4\framework\system\BaseModel.php(838): CodeIgniter\Model->doInsert(Array)
#6 C:\xampp\htdocs\iitm\central\vendor\codeigniter4\framework\system\Model.php(797): CodeIgniter\BaseModel->insert(Array, true)
#7 C:\xampp\htdocs\iitm\central\app\Controllers\Company.php(193): CodeIgniter\Model->insert(Array)
#8 C:\xampp\htdocs\iitm\central\vendor\codeigniter4\framework\system\CodeIgniter.php(933): App\Controllers\Company->add_details()
#9 C:\xampp\htdocs\iitm\central\vendor\codeigniter4\framework\system\CodeIgniter.php(507): CodeIgniter\CodeIgniter->runController(Object(App\Controllers\Company))
#10 C:\xampp\htdocs\iitm\central\vendor\codeigniter4\framework\system\CodeIgniter.php(354): CodeIgniter\CodeIgniter->handleRequest(NULL, Object(Config\Cache), false)
#11 C:\xampp\htdocs\iitm\central\vendor\codeigniter4\framework\system\Boot.php(363): CodeIgniter\CodeIgniter->run()
#12 C:\xampp\htdocs\iitm\central\vendor\codeigniter4\framework\system\Boot.php(68): CodeIgniter\Boot::runCodeIgniter(Object(CodeIgniter\CodeIgniter))
#13 C:\xampp\htdocs\iitm\central\index.php(59): CodeIgniter\Boot::bootWeb(Object(Config\Paths))
#14 {main}
ERROR - 2026-02-04 10:42:33 --> Company Poppys Hotel failed: Duplicate entry 'C1770201753898' for key 'company_id'
CRITICAL - 2026-02-04 11:23:47 --> ParseError: syntax error, unexpected token "if"
[Method: GET, Route: crossvalidation]
in APPPATH\Controllers\CrossValidation.php on line 230.
 1 FCPATH\vendor\composer\ClassLoader.php(427): Composer\Autoload\{closure}('C:\\xampp\\htdocs\\iitm\\central\\vendor\\composer/../../app\\Controllers\\CrossValidation.php')
 2 [internal function]: Composer\Autoload\ClassLoader->loadClass('App\\Controllers\\CrossValidation')
 3 SYSTEMPATH\CodeIgniter.php(885): class_exists('\\App\\Controllers\\CrossValidation', true)
 4 SYSTEMPATH\CodeIgniter.php(494): CodeIgniter\CodeIgniter->startController()
 5 SYSTEMPATH\CodeIgniter.php(354): CodeIgniter\CodeIgniter->handleRequest(null, Object(Config\Cache), false)
 6 SYSTEMPATH\Boot.php(363): CodeIgniter\CodeIgniter->run()
 7 SYSTEMPATH\Boot.php(68): CodeIgniter\Boot::runCodeIgniter(Object(CodeIgniter\CodeIgniter))
 8 FCPATH\index.php(59): CodeIgniter\Boot::bootWeb(Object(Config\Paths))
ERROR - 2026-02-04 11:38:06 --> mysqli_sql_exception: Duplicate entry 'C1770205086847' for key 'company_id' in C:\xampp\htdocs\iitm\central\vendor\codeigniter4\framework\system\Database\MySQLi\Connection.php:327
Stack trace:
#0 C:\xampp\htdocs\iitm\central\vendor\codeigniter4\framework\system\Database\MySQLi\Connection.php(327): mysqli->query('INSERT INTO `co...', 0)
#1 C:\xampp\htdocs\iitm\central\vendor\codeigniter4\framework\system\Database\BaseConnection.php(729): CodeIgniter\Database\MySQLi\Connection->execute('INSERT INTO `co...')
#2 C:\xampp\htdocs\iitm\central\vendor\codeigniter4\framework\system\Database\BaseConnection.php(646): CodeIgniter\Database\BaseConnection->simpleQuery('INSERT INTO `co...')
#3 C:\xampp\htdocs\iitm\central\vendor\codeigniter4\framework\system\Database\BaseBuilder.php(2345): CodeIgniter\Database\BaseConnection->query('INSERT INTO `co...', Array, false)
#4 C:\xampp\htdocs\iitm\central\vendor\codeigniter4\framework\system\Model.php(394): CodeIgniter\Database\BaseBuilder->insert()
#5 C:\xampp\htdocs\iitm\central\vendor\codeigniter4\framework\system\BaseModel.php(838): CodeIgniter\Model->doInsert(Array)
#6 C:\xampp\htdocs\iitm\central\vendor\codeigniter4\framework\system\Model.php(797): CodeIgniter\BaseModel->insert(Array, true)
#7 C:\xampp\htdocs\iitm\central\app\Controllers\Company.php(193): CodeIgniter\Model->insert(Array)
#8 C:\xampp\htdocs\iitm\central\vendor\codeigniter4\framework\system\CodeIgniter.php(933): App\Controllers\Company->add_details()
#9 C:\xampp\htdocs\iitm\central\vendor\codeigniter4\framework\system\CodeIgniter.php(507): CodeIgniter\CodeIgniter->runController(Object(App\Controllers\Company))
#10 C:\xampp\htdocs\iitm\central\vendor\codeigniter4\framework\system\CodeIgniter.php(354): CodeIgniter\CodeIgniter->handleRequest(NULL, Object(Config\Cache), false)
#11 C:\xampp\htdocs\iitm\central\vendor\codeigniter4\framework\system\Boot.php(363): CodeIgniter\CodeIgniter->run()
#12 C:\xampp\htdocs\iitm\central\vendor\codeigniter4\framework\system\Boot.php(68): CodeIgniter\Boot::runCodeIgniter(Object(CodeIgniter\CodeIgniter))
#13 C:\xampp\htdocs\iitm\central\index.php(59): CodeIgniter\Boot::bootWeb(Object(Config\Paths))
#14 {main}
ERROR - 2026-02-04 11:38:06 --> Company Amogha Tours & Travel failed: Duplicate entry 'C1770205086847' for key 'company_id'
ERROR - 2026-02-04 11:38:06 --> mysqli_sql_exception: Duplicate entry 'C1770205086316' for key 'company_id' in C:\xampp\htdocs\iitm\central\vendor\codeigniter4\framework\system\Database\MySQLi\Connection.php:327
Stack trace:
#0 C:\xampp\htdocs\iitm\central\vendor\codeigniter4\framework\system\Database\MySQLi\Connection.php(327): mysqli->query('INSERT INTO `co...', 0)
#1 C:\xampp\htdocs\iitm\central\vendor\codeigniter4\framework\system\Database\BaseConnection.php(729): CodeIgniter\Database\MySQLi\Connection->execute('INSERT INTO `co...')
#2 C:\xampp\htdocs\iitm\central\vendor\codeigniter4\framework\system\Database\BaseConnection.php(646): CodeIgniter\Database\BaseConnection->simpleQuery('INSERT INTO `co...')
#3 C:\xampp\htdocs\iitm\central\vendor\codeigniter4\framework\system\Database\BaseBuilder.php(2345): CodeIgniter\Database\BaseConnection->query('INSERT INTO `co...', Array, false)
#4 C:\xampp\htdocs\iitm\central\vendor\codeigniter4\framework\system\Model.php(394): CodeIgniter\Database\BaseBuilder->insert()
#5 C:\xampp\htdocs\iitm\central\vendor\codeigniter4\framework\system\BaseModel.php(838): CodeIgniter\Model->doInsert(Array)
#6 C:\xampp\htdocs\iitm\central\vendor\codeigniter4\framework\system\Model.php(797): CodeIgniter\BaseModel->insert(Array, true)
#7 C:\xampp\htdocs\iitm\central\app\Controllers\Company.php(193): CodeIgniter\Model->insert(Array)
#8 C:\xampp\htdocs\iitm\central\vendor\codeigniter4\framework\system\CodeIgniter.php(933): App\Controllers\Company->add_details()
#9 C:\xampp\htdocs\iitm\central\vendor\codeigniter4\framework\system\CodeIgniter.php(507): CodeIgniter\CodeIgniter->runController(Object(App\Controllers\Company))
#10 C:\xampp\htdocs\iitm\central\vendor\codeigniter4\framework\system\CodeIgniter.php(354): CodeIgniter\CodeIgniter->handleRequest(NULL, Object(Config\Cache), false)
#11 C:\xampp\htdocs\iitm\central\vendor\codeigniter4\framework\system\Boot.php(363): CodeIgniter\CodeIgniter->run()
#12 C:\xampp\htdocs\iitm\central\vendor\codeigniter4\framework\system\Boot.php(68): CodeIgniter\Boot::runCodeIgniter(Object(CodeIgniter\CodeIgniter))
#13 C:\xampp\htdocs\iitm\central\index.php(59): CodeIgniter\Boot::bootWeb(Object(Config\Paths))
#14 {main}
ERROR - 2026-02-04 11:38:06 --> Company Blue Hills Tour & Travels failed: Duplicate entry 'C1770205086316' for key 'company_id'
ERROR - 2026-02-04 11:38:06 --> mysqli_sql_exception: Duplicate entry 'C1770205086575' for key 'company_id' in C:\xampp\htdocs\iitm\central\vendor\codeigniter4\framework\system\Database\MySQLi\Connection.php:327
Stack trace:
#0 C:\xampp\htdocs\iitm\central\vendor\codeigniter4\framework\system\Database\MySQLi\Connection.php(327): mysqli->query('INSERT INTO `co...', 0)
#1 C:\xampp\htdocs\iitm\central\vendor\codeigniter4\framework\system\Database\BaseConnection.php(729): CodeIgniter\Database\MySQLi\Connection->execute('INSERT INTO `co...')
#2 C:\xampp\htdocs\iitm\central\vendor\codeigniter4\framework\system\Database\BaseConnection.php(646): CodeIgniter\Database\BaseConnection->simpleQuery('INSERT INTO `co...')
#3 C:\xampp\htdocs\iitm\central\vendor\codeigniter4\framework\system\Database\BaseBuilder.php(2345): CodeIgniter\Database\BaseConnection->query('INSERT INTO `co...', Array, false)
#4 C:\xampp\htdocs\iitm\central\vendor\codeigniter4\framework\system\Model.php(394): CodeIgniter\Database\BaseBuilder->insert()
#5 C:\xampp\htdocs\iitm\central\vendor\codeigniter4\framework\system\BaseModel.php(838): CodeIgniter\Model->doInsert(Array)
#6 C:\xampp\htdocs\iitm\central\vendor\codeigniter4\framework\system\Model.php(797): CodeIgniter\BaseModel->insert(Array, true)
#7 C:\xampp\htdocs\iitm\central\app\Controllers\Company.php(193): CodeIgniter\Model->insert(Array)
#8 C:\xampp\htdocs\iitm\central\vendor\codeigniter4\framework\system\CodeIgniter.php(933): App\Controllers\Company->add_details()
#9 C:\xampp\htdocs\iitm\central\vendor\codeigniter4\framework\system\CodeIgniter.php(507): CodeIgniter\CodeIgniter->runController(Object(App\Controllers\Company))
#10 C:\xampp\htdocs\iitm\central\vendor\codeigniter4\framework\system\CodeIgniter.php(354): CodeIgniter\CodeIgniter->handleRequest(NULL, Object(Config\Cache), false)
#11 C:\xampp\htdocs\iitm\central\vendor\codeigniter4\framework\system\Boot.php(363): CodeIgniter\CodeIgniter->run()
#12 C:\xampp\htdocs\iitm\central\vendor\codeigniter4\framework\system\Boot.php(68): CodeIgniter\Boot::runCodeIgniter(Object(CodeIgniter\CodeIgniter))
#13 C:\xampp\htdocs\iitm\central\index.php(59): CodeIgniter\Boot::bootWeb(Object(Config\Paths))
#14 {main}
ERROR - 2026-02-04 11:38:06 --> Company CNE Luxury Holidays failed: Duplicate entry 'C1770205086575' for key 'company_id'
ERROR - 2026-02-04 11:38:06 --> mysqli_sql_exception: Duplicate entry 'C1770205086910' for key 'company_id' in C:\xampp\htdocs\iitm\central\vendor\codeigniter4\framework\system\Database\MySQLi\Connection.php:327
Stack trace:
#0 C:\xampp\htdocs\iitm\central\vendor\codeigniter4\framework\system\Database\MySQLi\Connection.php(327): mysqli->query('INSERT INTO `co...', 0)
#1 C:\xampp\htdocs\iitm\central\vendor\codeigniter4\framework\system\Database\BaseConnection.php(729): CodeIgniter\Database\MySQLi\Connection->execute('INSERT INTO `co...')
#2 C:\xampp\htdocs\iitm\central\vendor\codeigniter4\framework\system\Database\BaseConnection.php(646): CodeIgniter\Database\BaseConnection->simpleQuery('INSERT INTO `co...')
#3 C:\xampp\htdocs\iitm\central\vendor\codeigniter4\framework\system\Database\BaseBuilder.php(2345): CodeIgniter\Database\BaseConnection->query('INSERT INTO `co...', Array, false)
#4 C:\xampp\htdocs\iitm\central\vendor\codeigniter4\framework\system\Model.php(394): CodeIgniter\Database\BaseBuilder->insert()
#5 C:\xampp\htdocs\iitm\central\vendor\codeigniter4\framework\system\BaseModel.php(838): CodeIgniter\Model->doInsert(Array)
#6 C:\xampp\htdocs\iitm\central\vendor\codeigniter4\framework\system\Model.php(797): CodeIgniter\BaseModel->insert(Array, true)
#7 C:\xampp\htdocs\iitm\central\app\Controllers\Company.php(193): CodeIgniter\Model->insert(Array)
#8 C:\xampp\htdocs\iitm\central\vendor\codeigniter4\framework\system\CodeIgniter.php(933): App\Controllers\Company->add_details()
#9 C:\xampp\htdocs\iitm\central\vendor\codeigniter4\framework\system\CodeIgniter.php(507): CodeIgniter\CodeIgniter->runController(Object(App\Controllers\Company))
#10 C:\xampp\htdocs\iitm\central\vendor\codeigniter4\framework\system\CodeIgniter.php(354): CodeIgniter\CodeIgniter->handleRequest(NULL, Object(Config\Cache), false)
#11 C:\xampp\htdocs\iitm\central\vendor\codeigniter4\framework\system\Boot.php(363): CodeIgniter\CodeIgniter->run()
#12 C:\xampp\htdocs\iitm\central\vendor\codeigniter4\framework\system\Boot.php(68): CodeIgniter\Boot::runCodeIgniter(Object(CodeIgniter\CodeIgniter))
#13 C:\xampp\htdocs\iitm\central\index.php(59): CodeIgniter\Boot::bootWeb(Object(Config\Paths))
#14 {main}
ERROR - 2026-02-04 11:38:06 --> Company Jiips Travel Partner(JTP) failed: Duplicate entry 'C1770205086910' for key 'company_id'
ERROR - 2026-02-04 11:38:06 --> mysqli_sql_exception: Duplicate entry 'C1770205086910' for key 'company_id' in C:\xampp\htdocs\iitm\central\vendor\codeigniter4\framework\system\Database\MySQLi\Connection.php:327
Stack trace:
#0 C:\xampp\htdocs\iitm\central\vendor\codeigniter4\framework\system\Database\MySQLi\Connection.php(327): mysqli->query('INSERT INTO `co...', 0)
#1 C:\xampp\htdocs\iitm\central\vendor\codeigniter4\framework\system\Database\BaseConnection.php(729): CodeIgniter\Database\MySQLi\Connection->execute('INSERT INTO `co...')
#2 C:\xampp\htdocs\iitm\central\vendor\codeigniter4\framework\system\Database\BaseConnection.php(646): CodeIgniter\Database\BaseConnection->simpleQuery('INSERT INTO `co...')
#3 C:\xampp\htdocs\iitm\central\vendor\codeigniter4\framework\system\Database\BaseBuilder.php(2345): CodeIgniter\Database\BaseConnection->query('INSERT INTO `co...', Array, false)
#4 C:\xampp\htdocs\iitm\central\vendor\codeigniter4\framework\system\Model.php(394): CodeIgniter\Database\BaseBuilder->insert()
#5 C:\xampp\htdocs\iitm\central\vendor\codeigniter4\framework\system\BaseModel.php(838): CodeIgniter\Model->doInsert(Array)
#6 C:\xampp\htdocs\iitm\central\vendor\codeigniter4\framework\system\Model.php(797): CodeIgniter\BaseModel->insert(Array, true)
#7 C:\xampp\htdocs\iitm\central\app\Controllers\Company.php(193): CodeIgniter\Model->insert(Array)
#8 C:\xampp\htdocs\iitm\central\vendor\codeigniter4\framework\system\CodeIgniter.php(933): App\Controllers\Company->add_details()
#9 C:\xampp\htdocs\iitm\central\vendor\codeigniter4\framework\system\CodeIgniter.php(507): CodeIgniter\CodeIgniter->runController(Object(App\Controllers\Company))
#10 C:\xampp\htdocs\iitm\central\vendor\codeigniter4\framework\system\CodeIgniter.php(354): CodeIgniter\CodeIgniter->handleRequest(NULL, Object(Config\Cache), false)
#11 C:\xampp\htdocs\iitm\central\vendor\codeigniter4\framework\system\Boot.php(363): CodeIgniter\CodeIgniter->run()
#12 C:\xampp\htdocs\iitm\central\vendor\codeigniter4\framework\system\Boot.php(68): CodeIgniter\Boot::runCodeIgniter(Object(CodeIgniter\CodeIgniter))
#13 C:\xampp\htdocs\iitm\central\index.php(59): CodeIgniter\Boot::bootWeb(Object(Config\Paths))
#14 {main}
ERROR - 2026-02-04 11:38:06 --> Company Journey Meister failed: Duplicate entry 'C1770205086910' for key 'company_id'
ERROR - 2026-02-04 11:38:06 --> mysqli_sql_exception: Duplicate entry 'C1770205086847' for key 'company_id' in C:\xampp\htdocs\iitm\central\vendor\codeigniter4\framework\system\Database\MySQLi\Connection.php:327
Stack trace:
#0 C:\xampp\htdocs\iitm\central\vendor\codeigniter4\framework\system\Database\MySQLi\Connection.php(327): mysqli->query('INSERT INTO `co...', 0)
#1 C:\xampp\htdocs\iitm\central\vendor\codeigniter4\framework\system\Database\BaseConnection.php(729): CodeIgniter\Database\MySQLi\Connection->execute('INSERT INTO `co...')
#2 C:\xampp\htdocs\iitm\central\vendor\codeigniter4\framework\system\Database\BaseConnection.php(646): CodeIgniter\Database\BaseConnection->simpleQuery('INSERT INTO `co...')
#3 C:\xampp\htdocs\iitm\central\vendor\codeigniter4\framework\system\Database\BaseBuilder.php(2345): CodeIgniter\Database\BaseConnection->query('INSERT INTO `co...', Array, false)
#4 C:\xampp\htdocs\iitm\central\vendor\codeigniter4\framework\system\Model.php(394): CodeIgniter\Database\BaseBuilder->insert()
#5 C:\xampp\htdocs\iitm\central\vendor\codeigniter4\framework\system\BaseModel.php(838): CodeIgniter\Model->doInsert(Array)
#6 C:\xampp\htdocs\iitm\central\vendor\codeigniter4\framework\system\Model.php(797): CodeIgniter\BaseModel->insert(Array, true)
#7 C:\xampp\htdocs\iitm\central\app\Controllers\Company.php(193): CodeIgniter\Model->insert(Array)
#8 C:\xampp\htdocs\iitm\central\vendor\codeigniter4\framework\system\CodeIgniter.php(933): App\Controllers\Company->add_details()
#9 C:\xampp\htdocs\iitm\central\vendor\codeigniter4\framework\system\CodeIgniter.php(507): CodeIgniter\CodeIgniter->runController(Object(App\Controllers\Company))
#10 C:\xampp\htdocs\iitm\central\vendor\codeigniter4\framework\system\CodeIgniter.php(354): CodeIgniter\CodeIgniter->handleRequest(NULL, Object(Config\Cache), false)
#11 C:\xampp\htdocs\iitm\central\vendor\codeigniter4\framework\system\Boot.php(363): CodeIgniter\CodeIgniter->run()
#12 C:\xampp\htdocs\iitm\central\vendor\codeigniter4\framework\system\Boot.php(68): CodeIgniter\Boot::runCodeIgniter(Object(CodeIgniter\CodeIgniter))
#13 C:\xampp\htdocs\iitm\central\index.php(59): CodeIgniter\Boot::bootWeb(Object(Config\Paths))
#14 {main}
ERROR - 2026-02-04 11:38:06 --> Company Malaysia Airlines failed: Duplicate entry 'C1770205086847' for key 'company_id'
ERROR - 2026-02-04 11:38:06 --> mysqli_sql_exception: Duplicate entry 'C1770205086575' for key 'company_id' in C:\xampp\htdocs\iitm\central\vendor\codeigniter4\framework\system\Database\MySQLi\Connection.php:327
Stack trace:
#0 C:\xampp\htdocs\iitm\central\vendor\codeigniter4\framework\system\Database\MySQLi\Connection.php(327): mysqli->query('INSERT INTO `co...', 0)
#1 C:\xampp\htdocs\iitm\central\vendor\codeigniter4\framework\system\Database\BaseConnection.php(729): CodeIgniter\Database\MySQLi\Connection->execute('INSERT INTO `co...')
#2 C:\xampp\htdocs\iitm\central\vendor\codeigniter4\framework\system\Database\BaseConnection.php(646): CodeIgniter\Database\BaseConnection->simpleQuery('INSERT INTO `co...')
#3 C:\xampp\htdocs\iitm\central\vendor\codeigniter4\framework\system\Database\BaseBuilder.php(2345): CodeIgniter\Database\BaseConnection->query('INSERT INTO `co...', Array, false)
#4 C:\xampp\htdocs\iitm\central\vendor\codeigniter4\framework\system\Model.php(394): CodeIgniter\Database\BaseBuilder->insert()
#5 C:\xampp\htdocs\iitm\central\vendor\codeigniter4\framework\system\BaseModel.php(838): CodeIgniter\Model->doInsert(Array)
#6 C:\xampp\htdocs\iitm\central\vendor\codeigniter4\framework\system\Model.php(797): CodeIgniter\BaseModel->insert(Array, true)
#7 C:\xampp\htdocs\iitm\central\app\Controllers\Company.php(193): CodeIgniter\Model->insert(Array)
#8 C:\xampp\htdocs\iitm\central\vendor\codeigniter4\framework\system\CodeIgniter.php(933): App\Controllers\Company->add_details()
#9 C:\xampp\htdocs\iitm\central\vendor\codeigniter4\framework\system\CodeIgniter.php(507): CodeIgniter\CodeIgniter->runController(Object(App\Controllers\Company))
#10 C:\xampp\htdocs\iitm\central\vendor\codeigniter4\framework\system\CodeIgniter.php(354): CodeIgniter\CodeIgniter->handleRequest(NULL, Object(Config\Cache), false)
#11 C:\xampp\htdocs\iitm\central\vendor\codeigniter4\framework\system\Boot.php(363): CodeIgniter\CodeIgniter->run()
#12 C:\xampp\htdocs\iitm\central\vendor\codeigniter4\framework\system\Boot.php(68): CodeIgniter\Boot::runCodeIgniter(Object(CodeIgniter\CodeIgniter))
#13 C:\xampp\htdocs\iitm\central\index.php(59): CodeIgniter\Boot::bootWeb(Object(Config\Paths))
#14 {main}
ERROR - 2026-02-04 11:38:06 --> Company Mossess Tour & Travel failed: Duplicate entry 'C1770205086575' for key 'company_id'
ERROR - 2026-02-04 11:38:06 --> mysqli_sql_exception: Duplicate entry 'C1770205086386' for key 'company_id' in C:\xampp\htdocs\iitm\central\vendor\codeigniter4\framework\system\Database\MySQLi\Connection.php:327
Stack trace:
#0 C:\xampp\htdocs\iitm\central\vendor\codeigniter4\framework\system\Database\MySQLi\Connection.php(327): mysqli->query('INSERT INTO `co...', 0)
#1 C:\xampp\htdocs\iitm\central\vendor\codeigniter4\framework\system\Database\BaseConnection.php(729): CodeIgniter\Database\MySQLi\Connection->execute('INSERT INTO `co...')
#2 C:\xampp\htdocs\iitm\central\vendor\codeigniter4\framework\system\Database\BaseConnection.php(646): CodeIgniter\Database\BaseConnection->simpleQuery('INSERT INTO `co...')
#3 C:\xampp\htdocs\iitm\central\vendor\codeigniter4\framework\system\Database\BaseBuilder.php(2345): CodeIgniter\Database\BaseConnection->query('INSERT INTO `co...', Array, false)
#4 C:\xampp\htdocs\iitm\central\vendor\codeigniter4\framework\system\Model.php(394): CodeIgniter\Database\BaseBuilder->insert()
#5 C:\xampp\htdocs\iitm\central\vendor\codeigniter4\framework\system\BaseModel.php(838): CodeIgniter\Model->doInsert(Array)
#6 C:\xampp\htdocs\iitm\central\vendor\codeigniter4\framework\system\Model.php(797): CodeIgniter\BaseModel->insert(Array, true)
#7 C:\xampp\htdocs\iitm\central\app\Controllers\Company.php(193): CodeIgniter\Model->insert(Array)
#8 C:\xampp\htdocs\iitm\central\vendor\codeigniter4\framework\system\CodeIgniter.php(933): App\Controllers\Company->add_details()
#9 C:\xampp\htdocs\iitm\central\vendor\codeigniter4\framework\system\CodeIgniter.php(507): CodeIgniter\CodeIgniter->runController(Object(App\Controllers\Company))
#10 C:\xampp\htdocs\iitm\central\vendor\codeigniter4\framework\system\CodeIgniter.php(354): CodeIgniter\CodeIgniter->handleRequest(NULL, Object(Config\Cache), false)
#11 C:\xampp\htdocs\iitm\central\vendor\codeigniter4\framework\system\Boot.php(363): CodeIgniter\CodeIgniter->run()
#12 C:\xampp\htdocs\iitm\central\vendor\codeigniter4\framework\system\Boot.php(68): CodeIgniter\Boot::runCodeIgniter(Object(CodeIgniter\CodeIgniter))
#13 C:\xampp\htdocs\iitm\central\index.php(59): CodeIgniter\Boot::bootWeb(Object(Config\Paths))
#14 {main}
ERROR - 2026-02-04 11:38:06 --> Company Shivjot Resort Karjat failed: Duplicate entry 'C1770205086386' for key 'company_id'
ERROR - 2026-02-04 11:38:06 --> mysqli_sql_exception: Duplicate entry 'C1770205086325' for key 'company_id' in C:\xampp\htdocs\iitm\central\vendor\codeigniter4\framework\system\Database\MySQLi\Connection.php:327
Stack trace:
#0 C:\xampp\htdocs\iitm\central\vendor\codeigniter4\framework\system\Database\MySQLi\Connection.php(327): mysqli->query('INSERT INTO `co...', 0)
#1 C:\xampp\htdocs\iitm\central\vendor\codeigniter4\framework\system\Database\BaseConnection.php(729): CodeIgniter\Database\MySQLi\Connection->execute('INSERT INTO `co...')
#2 C:\xampp\htdocs\iitm\central\vendor\codeigniter4\framework\system\Database\BaseConnection.php(646): CodeIgniter\Database\BaseConnection->simpleQuery('INSERT INTO `co...')
#3 C:\xampp\htdocs\iitm\central\vendor\codeigniter4\framework\system\Database\BaseBuilder.php(2345): CodeIgniter\Database\BaseConnection->query('INSERT INTO `co...', Array, false)
#4 C:\xampp\htdocs\iitm\central\vendor\codeigniter4\framework\system\Model.php(394): CodeIgniter\Database\BaseBuilder->insert()
#5 C:\xampp\htdocs\iitm\central\vendor\codeigniter4\framework\system\BaseModel.php(838): CodeIgniter\Model->doInsert(Array)
#6 C:\xampp\htdocs\iitm\central\vendor\codeigniter4\framework\system\Model.php(797): CodeIgniter\BaseModel->insert(Array, true)
#7 C:\xampp\htdocs\iitm\central\app\Controllers\Company.php(193): CodeIgniter\Model->insert(Array)
#8 C:\xampp\htdocs\iitm\central\vendor\codeigniter4\framework\system\CodeIgniter.php(933): App\Controllers\Company->add_details()
#9 C:\xampp\htdocs\iitm\central\vendor\codeigniter4\framework\system\CodeIgniter.php(507): CodeIgniter\CodeIgniter->runController(Object(App\Controllers\Company))
#10 C:\xampp\htdocs\iitm\central\vendor\codeigniter4\framework\system\CodeIgniter.php(354): CodeIgniter\CodeIgniter->handleRequest(NULL, Object(Config\Cache), false)
#11 C:\xampp\htdocs\iitm\central\vendor\codeigniter4\framework\system\Boot.php(363): CodeIgniter\CodeIgniter->run()
#12 C:\xampp\htdocs\iitm\central\vendor\codeigniter4\framework\system\Boot.php(68): CodeIgniter\Boot::runCodeIgniter(Object(CodeIgniter\CodeIgniter))
#13 C:\xampp\htdocs\iitm\central\index.php(59): CodeIgniter\Boot::bootWeb(Object(Config\Paths))
#14 {main}
ERROR - 2026-02-04 11:38:06 --> Company Sri Bhagya Resort failed: Duplicate entry 'C1770205086325' for key 'company_id'
ERROR - 2026-02-04 11:38:06 --> mysqli_sql_exception: Duplicate entry 'C1770205086559' for key 'company_id' in C:\xampp\htdocs\iitm\central\vendor\codeigniter4\framework\system\Database\MySQLi\Connection.php:327
Stack trace:
#0 C:\xampp\htdocs\iitm\central\vendor\codeigniter4\framework\system\Database\MySQLi\Connection.php(327): mysqli->query('INSERT INTO `co...', 0)
#1 C:\xampp\htdocs\iitm\central\vendor\codeigniter4\framework\system\Database\BaseConnection.php(729): CodeIgniter\Database\MySQLi\Connection->execute('INSERT INTO `co...')
#2 C:\xampp\htdocs\iitm\central\vendor\codeigniter4\framework\system\Database\BaseConnection.php(646): CodeIgniter\Database\BaseConnection->simpleQuery('INSERT INTO `co...')
#3 C:\xampp\htdocs\iitm\central\vendor\codeigniter4\framework\system\Database\BaseBuilder.php(2345): CodeIgniter\Database\BaseConnection->query('INSERT INTO `co...', Array, false)
#4 C:\xampp\htdocs\iitm\central\vendor\codeigniter4\framework\system\Model.php(394): CodeIgniter\Database\BaseBuilder->insert()
#5 C:\xampp\htdocs\iitm\central\vendor\codeigniter4\framework\system\BaseModel.php(838): CodeIgniter\Model->doInsert(Array)
#6 C:\xampp\htdocs\iitm\central\vendor\codeigniter4\framework\system\Model.php(797): CodeIgniter\BaseModel->insert(Array, true)
#7 C:\xampp\htdocs\iitm\central\app\Controllers\Company.php(193): CodeIgniter\Model->insert(Array)
#8 C:\xampp\htdocs\iitm\central\vendor\codeigniter4\framework\system\CodeIgniter.php(933): App\Controllers\Company->add_details()
#9 C:\xampp\htdocs\iitm\central\vendor\codeigniter4\framework\system\CodeIgniter.php(507): CodeIgniter\CodeIgniter->runController(Object(App\Controllers\Company))
#10 C:\xampp\htdocs\iitm\central\vendor\codeigniter4\framework\system\CodeIgniter.php(354): CodeIgniter\CodeIgniter->handleRequest(NULL, Object(Config\Cache), false)
#11 C:\xampp\htdocs\iitm\central\vendor\codeigniter4\framework\system\Boot.php(363): CodeIgniter\CodeIgniter->run()
#12 C:\xampp\htdocs\iitm\central\vendor\codeigniter4\framework\system\Boot.php(68): CodeIgniter\Boot::runCodeIgniter(Object(CodeIgniter\CodeIgniter))
#13 C:\xampp\htdocs\iitm\central\index.php(59): CodeIgniter\Boot::bootWeb(Object(Config\Paths))
#14 {main}
ERROR - 2026-02-04 11:38:06 --> Company Toshali Tours & Travels failed: Duplicate entry 'C1770205086559' for key 'company_id'
CRITICAL - 2026-02-04 11:39:10 --> TypeError: App\Controllers\CrossValidation::overwriteCompany(): Argument #1 ($id) must be of type int, string given, called in C:\xampp\htdocs\iitm\central\app\Controllers\CrossValidation.php on line 232
[Method: GET, Route: crossvalidation/crossValidate]
in APPPATH\Controllers\CrossValidation.php on line 666.
 1 APPPATH\Controllers\CrossValidation.php(232): App\Controllers\CrossValidation->overwriteCompany('C1770205086373', 'C1770205086522')
 2 SYSTEMPATH\CodeIgniter.php(933): App\Controllers\CrossValidation->companyCrossValidation()
 3 SYSTEMPATH\CodeIgniter.php(507): CodeIgniter\CodeIgniter->runController(Object(App\Controllers\CrossValidation))
 4 SYSTEMPATH\CodeIgniter.php(354): CodeIgniter\CodeIgniter->handleRequest(null, Object(Config\Cache), false)
 5 SYSTEMPATH\Boot.php(363): CodeIgniter\CodeIgniter->run()
 6 SYSTEMPATH\Boot.php(68): CodeIgniter\Boot::runCodeIgniter(Object(CodeIgniter\CodeIgniter))
 7 FCPATH\index.php(59): CodeIgniter\Boot::bootWeb(Object(Config\Paths))
CRITICAL - 2026-02-04 11:40:28 --> ErrorException: Undefined variable $newID
[Method: GET, Route: crossvalidation/crossValidate]
in APPPATH\Controllers\CrossValidation.php on line 228.
 1 APPPATH\Controllers\CrossValidation.php(228): CodeIgniter\Debug\Exceptions->errorHandler(2, 'Undefined variable $newID', 'C:\\xampp\\htdocs\\iitm\\central\\app\\Controllers\\CrossValidation.php', 228)
 2 SYSTEMPATH\CodeIgniter.php(933): App\Controllers\CrossValidation->companyCrossValidation()
 3 SYSTEMPATH\CodeIgniter.php(507): CodeIgniter\CodeIgniter->runController(Object(App\Controllers\CrossValidation))
 4 SYSTEMPATH\CodeIgniter.php(354): CodeIgniter\CodeIgniter->handleRequest(null, Object(Config\Cache), false)
 5 SYSTEMPATH\Boot.php(363): CodeIgniter\CodeIgniter->run()
 6 SYSTEMPATH\Boot.php(68): CodeIgniter\Boot::runCodeIgniter(Object(CodeIgniter\CodeIgniter))
 7 FCPATH\index.php(59): CodeIgniter\Boot::bootWeb(Object(Config\Paths))
CRITICAL - 2026-02-04 11:40:57 --> ErrorException: Undefined variable $newID
[Method: GET, Route: crossvalidation/crossValidate]
in APPPATH\Controllers\CrossValidation.php on line 228.
 1 APPPATH\Controllers\CrossValidation.php(228): CodeIgniter\Debug\Exceptions->errorHandler(2, 'Undefined variable $newID', 'C:\\xampp\\htdocs\\iitm\\central\\app\\Controllers\\CrossValidation.php', 228)
 2 SYSTEMPATH\CodeIgniter.php(933): App\Controllers\CrossValidation->companyCrossValidation()
 3 SYSTEMPATH\CodeIgniter.php(507): CodeIgniter\CodeIgniter->runController(Object(App\Controllers\CrossValidation))
 4 SYSTEMPATH\CodeIgniter.php(354): CodeIgniter\CodeIgniter->handleRequest(null, Object(Config\Cache), false)
 5 SYSTEMPATH\Boot.php(363): CodeIgniter\CodeIgniter->run()
 6 SYSTEMPATH\Boot.php(68): CodeIgniter\Boot::runCodeIgniter(Object(CodeIgniter\CodeIgniter))
 7 FCPATH\index.php(59): CodeIgniter\Boot::bootWeb(Object(Config\Paths))
CRITICAL - 2026-02-04 11:41:20 --> TypeError: App\Controllers\CrossValidation::overwriteCompany(): Argument #1 ($id) must be of type int, string given, called in C:\xampp\htdocs\iitm\central\app\Controllers\CrossValidation.php on line 233
[Method: GET, Route: crossvalidation/crossValidate]
in APPPATH\Controllers\CrossValidation.php on line 667.
 1 APPPATH\Controllers\CrossValidation.php(233): App\Controllers\CrossValidation->overwriteCompany('C1770205086373', 'C1770205086522')
 2 SYSTEMPATH\CodeIgniter.php(933): App\Controllers\CrossValidation->companyCrossValidation()
 3 SYSTEMPATH\CodeIgniter.php(507): CodeIgniter\CodeIgniter->runController(Object(App\Controllers\CrossValidation))
 4 SYSTEMPATH\CodeIgniter.php(354): CodeIgniter\CodeIgniter->handleRequest(null, Object(Config\Cache), false)
 5 SYSTEMPATH\Boot.php(363): CodeIgniter\CodeIgniter->run()
 6 SYSTEMPATH\Boot.php(68): CodeIgniter\Boot::runCodeIgniter(Object(CodeIgniter\CodeIgniter))
 7 FCPATH\index.php(59): CodeIgniter\Boot::bootWeb(Object(Config\Paths))
ERROR - 2026-02-04 11:45:11 --> mysqli_sql_exception: Table definition has changed, please retry transaction in C:\xampp\htdocs\iitm\central\vendor\codeigniter4\framework\system\Database\MySQLi\Connection.php:327
Stack trace:
#0 C:\xampp\htdocs\iitm\central\vendor\codeigniter4\framework\system\Database\MySQLi\Connection.php(327): mysqli->query('DELETE FROM `ma...', 0)
#1 C:\xampp\htdocs\iitm\central\vendor\codeigniter4\framework\system\Database\BaseConnection.php(729): CodeIgniter\Database\MySQLi\Connection->execute('DELETE FROM `ma...')
#2 C:\xampp\htdocs\iitm\central\vendor\codeigniter4\framework\system\Database\BaseConnection.php(646): CodeIgniter\Database\BaseConnection->simpleQuery('DELETE FROM `ma...')
#3 C:\xampp\htdocs\iitm\central\vendor\codeigniter4\framework\system\Database\BaseBuilder.php(2848): CodeIgniter\Database\BaseConnection->query('DELETE FROM `ma...', Array, false)
#4 C:\xampp\htdocs\iitm\central\vendor\codeigniter4\framework\system\Model.php(521): CodeIgniter\Database\BaseBuilder->delete()
#5 C:\xampp\htdocs\iitm\central\vendor\codeigniter4\framework\system\BaseModel.php(1123): CodeIgniter\Model->doDelete(NULL, false)
#6 C:\xampp\htdocs\iitm\central\app\Controllers\CrossValidation.php(763): CodeIgniter\BaseModel->delete()
#7 C:\xampp\htdocs\iitm\central\app\Controllers\CrossValidation.php(237): App\Controllers\CrossValidation->overwriteCompany('C1770205086114', 'C1770205086420')
#8 C:\xampp\htdocs\iitm\central\vendor\codeigniter4\framework\system\CodeIgniter.php(933): App\Controllers\CrossValidation->companyCrossValidation()
#9 C:\xampp\htdocs\iitm\central\vendor\codeigniter4\framework\system\CodeIgniter.php(507): CodeIgniter\CodeIgniter->runController(Object(App\Controllers\CrossValidation))
#10 C:\xampp\htdocs\iitm\central\vendor\codeigniter4\framework\system\CodeIgniter.php(354): CodeIgniter\CodeIgniter->handleRequest(NULL, Object(Config\Cache), false)
#11 C:\xampp\htdocs\iitm\central\vendor\codeigniter4\framework\system\Boot.php(363): CodeIgniter\CodeIgniter->run()
#12 C:\xampp\htdocs\iitm\central\vendor\codeigniter4\framework\system\Boot.php(68): CodeIgniter\Boot::runCodeIgniter(Object(CodeIgniter\CodeIgniter))
#13 C:\xampp\htdocs\iitm\central\index.php(59): CodeIgniter\Boot::bootWeb(Object(Config\Paths))
#14 {main}
ERROR - 2026-02-04 11:47:31 --> mysqli_sql_exception: Duplicate entry 'C1770205651597' for key 'company_id' in C:\xampp\htdocs\iitm\central\vendor\codeigniter4\framework\system\Database\MySQLi\Connection.php:327
Stack trace:
#0 C:\xampp\htdocs\iitm\central\vendor\codeigniter4\framework\system\Database\MySQLi\Connection.php(327): mysqli->query('INSERT INTO `co...', 0)
#1 C:\xampp\htdocs\iitm\central\vendor\codeigniter4\framework\system\Database\BaseConnection.php(729): CodeIgniter\Database\MySQLi\Connection->execute('INSERT INTO `co...')
#2 C:\xampp\htdocs\iitm\central\vendor\codeigniter4\framework\system\Database\BaseConnection.php(646): CodeIgniter\Database\BaseConnection->simpleQuery('INSERT INTO `co...')
#3 C:\xampp\htdocs\iitm\central\vendor\codeigniter4\framework\system\Database\BaseBuilder.php(2345): CodeIgniter\Database\BaseConnection->query('INSERT INTO `co...', Array, false)
#4 C:\xampp\htdocs\iitm\central\vendor\codeigniter4\framework\system\Model.php(394): CodeIgniter\Database\BaseBuilder->insert()
#5 C:\xampp\htdocs\iitm\central\vendor\codeigniter4\framework\system\BaseModel.php(838): CodeIgniter\Model->doInsert(Array)
#6 C:\xampp\htdocs\iitm\central\vendor\codeigniter4\framework\system\Model.php(797): CodeIgniter\BaseModel->insert(Array, true)
#7 C:\xampp\htdocs\iitm\central\app\Controllers\Company.php(193): CodeIgniter\Model->insert(Array)
#8 C:\xampp\htdocs\iitm\central\vendor\codeigniter4\framework\system\CodeIgniter.php(933): App\Controllers\Company->add_details()
#9 C:\xampp\htdocs\iitm\central\vendor\codeigniter4\framework\system\CodeIgniter.php(507): CodeIgniter\CodeIgniter->runController(Object(App\Controllers\Company))
#10 C:\xampp\htdocs\iitm\central\vendor\codeigniter4\framework\system\CodeIgniter.php(354): CodeIgniter\CodeIgniter->handleRequest(NULL, Object(Config\Cache), false)
#11 C:\xampp\htdocs\iitm\central\vendor\codeigniter4\framework\system\Boot.php(363): CodeIgniter\CodeIgniter->run()
#12 C:\xampp\htdocs\iitm\central\vendor\codeigniter4\framework\system\Boot.php(68): CodeIgniter\Boot::runCodeIgniter(Object(CodeIgniter\CodeIgniter))
#13 C:\xampp\htdocs\iitm\central\index.php(59): CodeIgniter\Boot::bootWeb(Object(Config\Paths))
#14 {main}
ERROR - 2026-02-04 11:47:31 --> Company Sri Sharada Residency failed: Duplicate entry 'C1770205651597' for key 'company_id'
ERROR - 2026-02-04 11:47:31 --> mysqli_sql_exception: Duplicate entry 'C1770205651585' for key 'company_id' in C:\xampp\htdocs\iitm\central\vendor\codeigniter4\framework\system\Database\MySQLi\Connection.php:327
Stack trace:
#0 C:\xampp\htdocs\iitm\central\vendor\codeigniter4\framework\system\Database\MySQLi\Connection.php(327): mysqli->query('INSERT INTO `co...', 0)
#1 C:\xampp\htdocs\iitm\central\vendor\codeigniter4\framework\system\Database\BaseConnection.php(729): CodeIgniter\Database\MySQLi\Connection->execute('INSERT INTO `co...')
#2 C:\xampp\htdocs\iitm\central\vendor\codeigniter4\framework\system\Database\BaseConnection.php(646): CodeIgniter\Database\BaseConnection->simpleQuery('INSERT INTO `co...')
#3 C:\xampp\htdocs\iitm\central\vendor\codeigniter4\framework\system\Database\BaseBuilder.php(2345): CodeIgniter\Database\BaseConnection->query('INSERT INTO `co...', Array, false)
#4 C:\xampp\htdocs\iitm\central\vendor\codeigniter4\framework\system\Model.php(394): CodeIgniter\Database\BaseBuilder->insert()
#5 C:\xampp\htdocs\iitm\central\vendor\codeigniter4\framework\system\BaseModel.php(838): CodeIgniter\Model->doInsert(Array)
#6 C:\xampp\htdocs\iitm\central\vendor\codeigniter4\framework\system\Model.php(797): CodeIgniter\BaseModel->insert(Array, true)
#7 C:\xampp\htdocs\iitm\central\app\Controllers\Company.php(193): CodeIgniter\Model->insert(Array)
#8 C:\xampp\htdocs\iitm\central\vendor\codeigniter4\framework\system\CodeIgniter.php(933): App\Controllers\Company->add_details()
#9 C:\xampp\htdocs\iitm\central\vendor\codeigniter4\framework\system\CodeIgniter.php(507): CodeIgniter\CodeIgniter->runController(Object(App\Controllers\Company))
#10 C:\xampp\htdocs\iitm\central\vendor\codeigniter4\framework\system\CodeIgniter.php(354): CodeIgniter\CodeIgniter->handleRequest(NULL, Object(Config\Cache), false)
#11 C:\xampp\htdocs\iitm\central\vendor\codeigniter4\framework\system\Boot.php(363): CodeIgniter\CodeIgniter->run()
#12 C:\xampp\htdocs\iitm\central\vendor\codeigniter4\framework\system\Boot.php(68): CodeIgniter\Boot::runCodeIgniter(Object(CodeIgniter\CodeIgniter))
#13 C:\xampp\htdocs\iitm\central\index.php(59): CodeIgniter\Boot::bootWeb(Object(Config\Paths))
#14 {main}
ERROR - 2026-02-04 11:47:31 --> Company The Holidays Travel failed: Duplicate entry 'C1770205651585' for key 'company_id'
ERROR - 2026-02-04 11:47:31 --> mysqli_sql_exception: Duplicate entry 'C1770205651218' for key 'company_id' in C:\xampp\htdocs\iitm\central\vendor\codeigniter4\framework\system\Database\MySQLi\Connection.php:327
Stack trace:
#0 C:\xampp\htdocs\iitm\central\vendor\codeigniter4\framework\system\Database\MySQLi\Connection.php(327): mysqli->query('INSERT INTO `co...', 0)
#1 C:\xampp\htdocs\iitm\central\vendor\codeigniter4\framework\system\Database\BaseConnection.php(729): CodeIgniter\Database\MySQLi\Connection->execute('INSERT INTO `co...')
#2 C:\xampp\htdocs\iitm\central\vendor\codeigniter4\framework\system\Database\BaseConnection.php(646): CodeIgniter\Database\BaseConnection->simpleQuery('INSERT INTO `co...')
#3 C:\xampp\htdocs\iitm\central\vendor\codeigniter4\framework\system\Database\BaseBuilder.php(2345): CodeIgniter\Database\BaseConnection->query('INSERT INTO `co...', Array, false)
#4 C:\xampp\htdocs\iitm\central\vendor\codeigniter4\framework\system\Model.php(394): CodeIgniter\Database\BaseBuilder->insert()
#5 C:\xampp\htdocs\iitm\central\vendor\codeigniter4\framework\system\BaseModel.php(838): CodeIgniter\Model->doInsert(Array)
#6 C:\xampp\htdocs\iitm\central\vendor\codeigniter4\framework\system\Model.php(797): CodeIgniter\BaseModel->insert(Array, true)
#7 C:\xampp\htdocs\iitm\central\app\Controllers\Company.php(193): CodeIgniter\Model->insert(Array)
#8 C:\xampp\htdocs\iitm\central\vendor\codeigniter4\framework\system\CodeIgniter.php(933): App\Controllers\Company->add_details()
#9 C:\xampp\htdocs\iitm\central\vendor\codeigniter4\framework\system\CodeIgniter.php(507): CodeIgniter\CodeIgniter->runController(Object(App\Controllers\Company))
#10 C:\xampp\htdocs\iitm\central\vendor\codeigniter4\framework\system\CodeIgniter.php(354): CodeIgniter\CodeIgniter->handleRequest(NULL, Object(Config\Cache), false)
#11 C:\xampp\htdocs\iitm\central\vendor\codeigniter4\framework\system\Boot.php(363): CodeIgniter\CodeIgniter->run()
#12 C:\xampp\htdocs\iitm\central\vendor\codeigniter4\framework\system\Boot.php(68): CodeIgniter\Boot::runCodeIgniter(Object(CodeIgniter\CodeIgniter))
#13 C:\xampp\htdocs\iitm\central\index.php(59): CodeIgniter\Boot::bootWeb(Object(Config\Paths))
#14 {main}
ERROR - 2026-02-04 11:47:31 --> Company The Holidayz Travel failed: Duplicate entry 'C1770205651218' for key 'company_id'
ERROR - 2026-02-04 11:47:31 --> mysqli_sql_exception: Duplicate entry 'C1770205651226' for key 'company_id' in C:\xampp\htdocs\iitm\central\vendor\codeigniter4\framework\system\Database\MySQLi\Connection.php:327
Stack trace:
#0 C:\xampp\htdocs\iitm\central\vendor\codeigniter4\framework\system\Database\MySQLi\Connection.php(327): mysqli->query('INSERT INTO `co...', 0)
#1 C:\xampp\htdocs\iitm\central\vendor\codeigniter4\framework\system\Database\BaseConnection.php(729): CodeIgniter\Database\MySQLi\Connection->execute('INSERT INTO `co...')
#2 C:\xampp\htdocs\iitm\central\vendor\codeigniter4\framework\system\Database\BaseConnection.php(646): CodeIgniter\Database\BaseConnection->simpleQuery('INSERT INTO `co...')
#3 C:\xampp\htdocs\iitm\central\vendor\codeigniter4\framework\system\Database\BaseBuilder.php(2345): CodeIgniter\Database\BaseConnection->query('INSERT INTO `co...', Array, false)
#4 C:\xampp\htdocs\iitm\central\vendor\codeigniter4\framework\system\Model.php(394): CodeIgniter\Database\BaseBuilder->insert()
#5 C:\xampp\htdocs\iitm\central\vendor\codeigniter4\framework\system\BaseModel.php(838): CodeIgniter\Model->doInsert(Array)
#6 C:\xampp\htdocs\iitm\central\vendor\codeigniter4\framework\system\Model.php(797): CodeIgniter\BaseModel->insert(Array, true)
#7 C:\xampp\htdocs\iitm\central\app\Controllers\Company.php(193): CodeIgniter\Model->insert(Array)
#8 C:\xampp\htdocs\iitm\central\vendor\codeigniter4\framework\system\CodeIgniter.php(933): App\Controllers\Company->add_details()
#9 C:\xampp\htdocs\iitm\central\vendor\codeigniter4\framework\system\CodeIgniter.php(507): CodeIgniter\CodeIgniter->runController(Object(App\Controllers\Company))
#10 C:\xampp\htdocs\iitm\central\vendor\codeigniter4\framework\system\CodeIgniter.php(354): CodeIgniter\CodeIgniter->handleRequest(NULL, Object(Config\Cache), false)
#11 C:\xampp\htdocs\iitm\central\vendor\codeigniter4\framework\system\Boot.php(363): CodeIgniter\CodeIgniter->run()
#12 C:\xampp\htdocs\iitm\central\vendor\codeigniter4\framework\system\Boot.php(68): CodeIgniter\Boot::runCodeIgniter(Object(CodeIgniter\CodeIgniter))
#13 C:\xampp\htdocs\iitm\central\index.php(59): CodeIgniter\Boot::bootWeb(Object(Config\Paths))
#14 {main}
ERROR - 2026-02-04 11:47:31 --> Company Tours Malaysia failed: Duplicate entry 'C1770205651226' for key 'company_id'
ERROR - 2026-02-04 11:47:31 --> mysqli_sql_exception: Duplicate entry 'C1770205651604' for key 'company_id' in C:\xampp\htdocs\iitm\central\vendor\codeigniter4\framework\system\Database\MySQLi\Connection.php:327
Stack trace:
#0 C:\xampp\htdocs\iitm\central\vendor\codeigniter4\framework\system\Database\MySQLi\Connection.php(327): mysqli->query('INSERT INTO `co...', 0)
#1 C:\xampp\htdocs\iitm\central\vendor\codeigniter4\framework\system\Database\BaseConnection.php(729): CodeIgniter\Database\MySQLi\Connection->execute('INSERT INTO `co...')
#2 C:\xampp\htdocs\iitm\central\vendor\codeigniter4\framework\system\Database\BaseConnection.php(646): CodeIgniter\Database\BaseConnection->simpleQuery('INSERT INTO `co...')
#3 C:\xampp\htdocs\iitm\central\vendor\codeigniter4\framework\system\Database\BaseBuilder.php(2345): CodeIgniter\Database\BaseConnection->query('INSERT INTO `co...', Array, false)
#4 C:\xampp\htdocs\iitm\central\vendor\codeigniter4\framework\system\Model.php(394): CodeIgniter\Database\BaseBuilder->insert()
#5 C:\xampp\htdocs\iitm\central\vendor\codeigniter4\framework\system\BaseModel.php(838): CodeIgniter\Model->doInsert(Array)
#6 C:\xampp\htdocs\iitm\central\vendor\codeigniter4\framework\system\Model.php(797): CodeIgniter\BaseModel->insert(Array, true)
#7 C:\xampp\htdocs\iitm\central\app\Controllers\Company.php(193): CodeIgniter\Model->insert(Array)
#8 C:\xampp\htdocs\iitm\central\vendor\codeigniter4\framework\system\CodeIgniter.php(933): App\Controllers\Company->add_details()
#9 C:\xampp\htdocs\iitm\central\vendor\codeigniter4\framework\system\CodeIgniter.php(507): CodeIgniter\CodeIgniter->runController(Object(App\Controllers\Company))
#10 C:\xampp\htdocs\iitm\central\vendor\codeigniter4\framework\system\CodeIgniter.php(354): CodeIgniter\CodeIgniter->handleRequest(NULL, Object(Config\Cache), false)
#11 C:\xampp\htdocs\iitm\central\vendor\codeigniter4\framework\system\Boot.php(363): CodeIgniter\CodeIgniter->run()
#12 C:\xampp\htdocs\iitm\central\vendor\codeigniter4\framework\system\Boot.php(68): CodeIgniter\Boot::runCodeIgniter(Object(CodeIgniter\CodeIgniter))
#13 C:\xampp\htdocs\iitm\central\index.php(59): CodeIgniter\Boot::bootWeb(Object(Config\Paths))
#14 {main}
ERROR - 2026-02-04 11:47:31 --> Company Travelbee Holiday Tours failed: Duplicate entry 'C1770205651604' for key 'company_id'
ERROR - 2026-02-04 11:47:31 --> mysqli_sql_exception: Duplicate entry 'C1770205651373' for key 'company_id' in C:\xampp\htdocs\iitm\central\vendor\codeigniter4\framework\system\Database\MySQLi\Connection.php:327
Stack trace:
#0 C:\xampp\htdocs\iitm\central\vendor\codeigniter4\framework\system\Database\MySQLi\Connection.php(327): mysqli->query('INSERT INTO `co...', 0)
#1 C:\xampp\htdocs\iitm\central\vendor\codeigniter4\framework\system\Database\BaseConnection.php(729): CodeIgniter\Database\MySQLi\Connection->execute('INSERT INTO `co...')
#2 C:\xampp\htdocs\iitm\central\vendor\codeigniter4\framework\system\Database\BaseConnection.php(646): CodeIgniter\Database\BaseConnection->simpleQuery('INSERT INTO `co...')
#3 C:\xampp\htdocs\iitm\central\vendor\codeigniter4\framework\system\Database\BaseBuilder.php(2345): CodeIgniter\Database\BaseConnection->query('INSERT INTO `co...', Array, false)
#4 C:\xampp\htdocs\iitm\central\vendor\codeigniter4\framework\system\Model.php(394): CodeIgniter\Database\BaseBuilder->insert()
#5 C:\xampp\htdocs\iitm\central\vendor\codeigniter4\framework\system\BaseModel.php(838): CodeIgniter\Model->doInsert(Array)
#6 C:\xampp\htdocs\iitm\central\vendor\codeigniter4\framework\system\Model.php(797): CodeIgniter\BaseModel->insert(Array, true)
#7 C:\xampp\htdocs\iitm\central\app\Controllers\Company.php(193): CodeIgniter\Model->insert(Array)
#8 C:\xampp\htdocs\iitm\central\vendor\codeigniter4\framework\system\CodeIgniter.php(933): App\Controllers\Company->add_details()
#9 C:\xampp\htdocs\iitm\central\vendor\codeigniter4\framework\system\CodeIgniter.php(507): CodeIgniter\CodeIgniter->runController(Object(App\Controllers\Company))
#10 C:\xampp\htdocs\iitm\central\vendor\codeigniter4\framework\system\CodeIgniter.php(354): CodeIgniter\CodeIgniter->handleRequest(NULL, Object(Config\Cache), false)
#11 C:\xampp\htdocs\iitm\central\vendor\codeigniter4\framework\system\Boot.php(363): CodeIgniter\CodeIgniter->run()
#12 C:\xampp\htdocs\iitm\central\vendor\codeigniter4\framework\system\Boot.php(68): CodeIgniter\Boot::runCodeIgniter(Object(CodeIgniter\CodeIgniter))
#13 C:\xampp\htdocs\iitm\central\index.php(59): CodeIgniter\Boot::bootWeb(Object(Config\Paths))
#14 {main}
ERROR - 2026-02-04 11:47:31 --> Company Whispering Palms Hotels failed: Duplicate entry 'C1770205651373' for key 'company_id'
ERROR - 2026-02-04 11:55:00 --> mysqli_sql_exception: Duplicate entry 'C1770206100676' for key 'company_id' in C:\xampp\htdocs\iitm\central\vendor\codeigniter4\framework\system\Database\MySQLi\Connection.php:327
Stack trace:
#0 C:\xampp\htdocs\iitm\central\vendor\codeigniter4\framework\system\Database\MySQLi\Connection.php(327): mysqli->query('INSERT INTO `co...', 0)
#1 C:\xampp\htdocs\iitm\central\vendor\codeigniter4\framework\system\Database\BaseConnection.php(729): CodeIgniter\Database\MySQLi\Connection->execute('INSERT INTO `co...')
#2 C:\xampp\htdocs\iitm\central\vendor\codeigniter4\framework\system\Database\BaseConnection.php(646): CodeIgniter\Database\BaseConnection->simpleQuery('INSERT INTO `co...')
#3 C:\xampp\htdocs\iitm\central\vendor\codeigniter4\framework\system\Database\BaseBuilder.php(2345): CodeIgniter\Database\BaseConnection->query('INSERT INTO `co...', Array, false)
#4 C:\xampp\htdocs\iitm\central\vendor\codeigniter4\framework\system\Model.php(394): CodeIgniter\Database\BaseBuilder->insert()
#5 C:\xampp\htdocs\iitm\central\vendor\codeigniter4\framework\system\BaseModel.php(838): CodeIgniter\Model->doInsert(Array)
#6 C:\xampp\htdocs\iitm\central\vendor\codeigniter4\framework\system\Model.php(797): CodeIgniter\BaseModel->insert(Array, true)
#7 C:\xampp\htdocs\iitm\central\app\Controllers\Company.php(193): CodeIgniter\Model->insert(Array)
#8 C:\xampp\htdocs\iitm\central\vendor\codeigniter4\framework\system\CodeIgniter.php(933): App\Controllers\Company->add_details()
#9 C:\xampp\htdocs\iitm\central\vendor\codeigniter4\framework\system\CodeIgniter.php(507): CodeIgniter\CodeIgniter->runController(Object(App\Controllers\Company))
#10 C:\xampp\htdocs\iitm\central\vendor\codeigniter4\framework\system\CodeIgniter.php(354): CodeIgniter\CodeIgniter->handleRequest(NULL, Object(Config\Cache), false)
#11 C:\xampp\htdocs\iitm\central\vendor\codeigniter4\framework\system\Boot.php(363): CodeIgniter\CodeIgniter->run()
#12 C:\xampp\htdocs\iitm\central\vendor\codeigniter4\framework\system\Boot.php(68): CodeIgniter\Boot::runCodeIgniter(Object(CodeIgniter\CodeIgniter))
#13 C:\xampp\htdocs\iitm\central\index.php(59): CodeIgniter\Boot::bootWeb(Object(Config\Paths))
#14 {main}
ERROR - 2026-02-04 11:55:00 --> Company Odisha Vacations Services Pvt.Ltd failed: Duplicate entry 'C1770206100676' for key 'company_id'
ERROR - 2026-02-04 11:55:00 --> mysqli_sql_exception: Duplicate entry 'C1770206100856' for key 'company_id' in C:\xampp\htdocs\iitm\central\vendor\codeigniter4\framework\system\Database\MySQLi\Connection.php:327
Stack trace:
#0 C:\xampp\htdocs\iitm\central\vendor\codeigniter4\framework\system\Database\MySQLi\Connection.php(327): mysqli->query('INSERT INTO `co...', 0)
#1 C:\xampp\htdocs\iitm\central\vendor\codeigniter4\framework\system\Database\BaseConnection.php(729): CodeIgniter\Database\MySQLi\Connection->execute('INSERT INTO `co...')
#2 C:\xampp\htdocs\iitm\central\vendor\codeigniter4\framework\system\Database\BaseConnection.php(646): CodeIgniter\Database\BaseConnection->simpleQuery('INSERT INTO `co...')
#3 C:\xampp\htdocs\iitm\central\vendor\codeigniter4\framework\system\Database\BaseBuilder.php(2345): CodeIgniter\Database\BaseConnection->query('INSERT INTO `co...', Array, false)
#4 C:\xampp\htdocs\iitm\central\vendor\codeigniter4\framework\system\Model.php(394): CodeIgniter\Database\BaseBuilder->insert()
#5 C:\xampp\htdocs\iitm\central\vendor\codeigniter4\framework\system\BaseModel.php(838): CodeIgniter\Model->doInsert(Array)
#6 C:\xampp\htdocs\iitm\central\vendor\codeigniter4\framework\system\Model.php(797): CodeIgniter\BaseModel->insert(Array, true)
#7 C:\xampp\htdocs\iitm\central\app\Controllers\Company.php(193): CodeIgniter\Model->insert(Array)
#8 C:\xampp\htdocs\iitm\central\vendor\codeigniter4\framework\system\CodeIgniter.php(933): App\Controllers\Company->add_details()
#9 C:\xampp\htdocs\iitm\central\vendor\codeigniter4\framework\system\CodeIgniter.php(507): CodeIgniter\CodeIgniter->runController(Object(App\Controllers\Company))
#10 C:\xampp\htdocs\iitm\central\vendor\codeigniter4\framework\system\CodeIgniter.php(354): CodeIgniter\CodeIgniter->handleRequest(NULL, Object(Config\Cache), false)
#11 C:\xampp\htdocs\iitm\central\vendor\codeigniter4\framework\system\Boot.php(363): CodeIgniter\CodeIgniter->run()
#12 C:\xampp\htdocs\iitm\central\vendor\codeigniter4\framework\system\Boot.php(68): CodeIgniter\Boot::runCodeIgniter(Object(CodeIgniter\CodeIgniter))
#13 C:\xampp\htdocs\iitm\central\index.php(59): CodeIgniter\Boot::bootWeb(Object(Config\Paths))
#14 {main}
ERROR - 2026-02-04 11:55:00 --> Company Sri Varthini Mahaal & Residency failed: Duplicate entry 'C1770206100856' for key 'company_id'
ERROR - 2026-02-04 11:55:00 --> mysqli_sql_exception: Duplicate entry 'C1770206100329' for key 'company_id' in C:\xampp\htdocs\iitm\central\vendor\codeigniter4\framework\system\Database\MySQLi\Connection.php:327
Stack trace:
#0 C:\xampp\htdocs\iitm\central\vendor\codeigniter4\framework\system\Database\MySQLi\Connection.php(327): mysqli->query('INSERT INTO `co...', 0)
#1 C:\xampp\htdocs\iitm\central\vendor\codeigniter4\framework\system\Database\BaseConnection.php(729): CodeIgniter\Database\MySQLi\Connection->execute('INSERT INTO `co...')
#2 C:\xampp\htdocs\iitm\central\vendor\codeigniter4\framework\system\Database\BaseConnection.php(646): CodeIgniter\Database\BaseConnection->simpleQuery('INSERT INTO `co...')
#3 C:\xampp\htdocs\iitm\central\vendor\codeigniter4\framework\system\Database\BaseBuilder.php(2345): CodeIgniter\Database\BaseConnection->query('INSERT INTO `co...', Array, false)
#4 C:\xampp\htdocs\iitm\central\vendor\codeigniter4\framework\system\Model.php(394): CodeIgniter\Database\BaseBuilder->insert()
#5 C:\xampp\htdocs\iitm\central\vendor\codeigniter4\framework\system\BaseModel.php(838): CodeIgniter\Model->doInsert(Array)
#6 C:\xampp\htdocs\iitm\central\vendor\codeigniter4\framework\system\Model.php(797): CodeIgniter\BaseModel->insert(Array, true)
#7 C:\xampp\htdocs\iitm\central\app\Controllers\Company.php(193): CodeIgniter\Model->insert(Array)
#8 C:\xampp\htdocs\iitm\central\vendor\codeigniter4\framework\system\CodeIgniter.php(933): App\Controllers\Company->add_details()
#9 C:\xampp\htdocs\iitm\central\vendor\codeigniter4\framework\system\CodeIgniter.php(507): CodeIgniter\CodeIgniter->runController(Object(App\Controllers\Company))
#10 C:\xampp\htdocs\iitm\central\vendor\codeigniter4\framework\system\CodeIgniter.php(354): CodeIgniter\CodeIgniter->handleRequest(NULL, Object(Config\Cache), false)
#11 C:\xampp\htdocs\iitm\central\vendor\codeigniter4\framework\system\Boot.php(363): CodeIgniter\CodeIgniter->run()
#12 C:\xampp\htdocs\iitm\central\vendor\codeigniter4\framework\system\Boot.php(68): CodeIgniter\Boot::runCodeIgniter(Object(CodeIgniter\CodeIgniter))
#13 C:\xampp\htdocs\iitm\central\index.php(59): CodeIgniter\Boot::bootWeb(Object(Config\Paths))
#14 {main}
ERROR - 2026-02-04 11:55:00 --> Company The Holidayz Travel failed: Duplicate entry 'C1770206100329' for key 'company_id'
ERROR - 2026-02-04 11:55:01 --> mysqli_sql_exception: Duplicate entry 'C1770206101683' for key 'company_id' in C:\xampp\htdocs\iitm\central\vendor\codeigniter4\framework\system\Database\MySQLi\Connection.php:327
Stack trace:
#0 C:\xampp\htdocs\iitm\central\vendor\codeigniter4\framework\system\Database\MySQLi\Connection.php(327): mysqli->query('INSERT INTO `co...', 0)
#1 C:\xampp\htdocs\iitm\central\vendor\codeigniter4\framework\system\Database\BaseConnection.php(729): CodeIgniter\Database\MySQLi\Connection->execute('INSERT INTO `co...')
#2 C:\xampp\htdocs\iitm\central\vendor\codeigniter4\framework\system\Database\BaseConnection.php(646): CodeIgniter\Database\BaseConnection->simpleQuery('INSERT INTO `co...')
#3 C:\xampp\htdocs\iitm\central\vendor\codeigniter4\framework\system\Database\BaseBuilder.php(2345): CodeIgniter\Database\BaseConnection->query('INSERT INTO `co...', Array, false)
#4 C:\xampp\htdocs\iitm\central\vendor\codeigniter4\framework\system\Model.php(394): CodeIgniter\Database\BaseBuilder->insert()
#5 C:\xampp\htdocs\iitm\central\vendor\codeigniter4\framework\system\BaseModel.php(838): CodeIgniter\Model->doInsert(Array)
#6 C:\xampp\htdocs\iitm\central\vendor\codeigniter4\framework\system\Model.php(797): CodeIgniter\BaseModel->insert(Array, true)
#7 C:\xampp\htdocs\iitm\central\app\Controllers\Company.php(193): CodeIgniter\Model->insert(Array)
#8 C:\xampp\htdocs\iitm\central\vendor\codeigniter4\framework\system\CodeIgniter.php(933): App\Controllers\Company->add_details()
#9 C:\xampp\htdocs\iitm\central\vendor\codeigniter4\framework\system\CodeIgniter.php(507): CodeIgniter\CodeIgniter->runController(Object(App\Controllers\Company))
#10 C:\xampp\htdocs\iitm\central\vendor\codeigniter4\framework\system\CodeIgniter.php(354): CodeIgniter\CodeIgniter->handleRequest(NULL, Object(Config\Cache), false)
#11 C:\xampp\htdocs\iitm\central\vendor\codeigniter4\framework\system\Boot.php(363): CodeIgniter\CodeIgniter->run()
#12 C:\xampp\htdocs\iitm\central\vendor\codeigniter4\framework\system\Boot.php(68): CodeIgniter\Boot::runCodeIgniter(Object(CodeIgniter\CodeIgniter))
#13 C:\xampp\htdocs\iitm\central\index.php(59): CodeIgniter\Boot::bootWeb(Object(Config\Paths))
#14 {main}
ERROR - 2026-02-04 11:55:01 --> Company Wellness By Heartfulness failed: Duplicate entry 'C1770206101683' for key 'company_id'
